Term_ID,Coefficient,Domain
0,0.0,Undefined
1,6.6743e-11,Newtonian
2,8987550000.0,Undefined
3,1.34521e-15,Relativistic
4,4.89201e-22,Undefined
5,2.10394e-18,Undefined
6,1.05457e-28,Undefined
7,0.0,Undefined
8,0.0,Undefined
9,0.0,Undefined
10,0.0,Undefined
11,0.0,Undefined
12,0.0,Undefined
13,0.0,Undefined
14,0.0,Undefined
15,0.0,Undefined
16,0.0,Undefined
17,0.0,Undefined
18,0.0,Undefined
19,0.0,Undefined
20,0.0,Undefined
21,0.0,Undefined
22,0.0,Undefined
23,0.0,Undefined
24,0.0,Undefined
25,0.0,Undefined
26,0.0,Undefined
27,0.0,Undefined
28,0.0,Undefined
29,0.0,Undefined
30,0.0,Undefined
31,0.0,Undefined
32,0.0,Undefined
33,0.0,Undefined
34,0.0,Undefined
35,0.0,Undefined
36,0.0,Undefined
37,0.0,Undefined
38,0.0,Undefined
39,0.0,Undefined
40,0.0,Undefined
41,0.0,Undefined
42,0.0,Undefined
43,0.0,Undefined
44,0.0,Undefined
45,0.0,Undefined
46,0.0,Undefined
47,0.0,Undefined
48,0.0,Undefined
49,0.0,Undefined
50,0.0,Undefined
51,0.0,Undefined
52,0.0,Undefined
53,0.0,Undefined
54,0.0,Undefined
55,0.0,Undefined
56,0.0,Undefined
57,0.0,Undefined
58,0.0,Undefined
59,0.0,Undefined
60,0.0,Undefined
61,0.0,Undefined
62,0.0,Undefined
63,0.0,Undefined
64,0.0,Undefined
65,0.0,Undefined
66,0.0,Undefined
67,0.0,Undefined
68,0.0,Undefined
69,0.0,Undefined
70,0.0,Undefined
71,0.0,Undefined
72,0.0,Undefined
73,0.0,Undefined
74,0.0,Undefined
75,0.0,Undefined
76,0.0,Undefined
77,0.0,Undefined
78,0.0,Undefined
79,0.0,Undefined
80,0.0,Undefined
81,0.0,Undefined
82,0.0,Undefined
83,0.0,Undefined
84,0.0,Undefined
85,0.0,Undefined
86,0.0,Undefined
87,0.0,Undefined
88,0.0,Undefined
89,0.0,Undefined
90,0.0,Undefined
91,0.0,Undefined
92,0.0,Undefined
93,0.0,Undefined
94,0.0,Undefined
95,0.0,Undefined
96,0.0,Undefined
97,0.0,Undefined
98,0.0,Undefined
99,0.0,Undefined
100,0.0,Undefined
101,0.0,Undefined
102,0.0,Undefined
103,0.0,Undefined
104,0.0,Undefined
105,0.0,Undefined
106,0.0,Undefined
107,0.0,Undefined
108,0.0,Undefined
109,0.0,Undefined
110,0.0,Undefined
111,0.0,Undefined
112,0.0,Undefined
113,0.0,Undefined
114,0.0,Undefined
115,0.0,Undefined
116,0.0,Undefined
117,0.0,Undefined
118,0.0,Undefined
119,0.0,Undefined
120,0.0,Undefined
121,0.0,Undefined
122,0.0,Undefined
123,0.0,Undefined
124,0.0,Undefined
125,0.0,Undefined
126,0.0,Undefined
127,0.0,Undefined
128,0.0,Undefined
129,0.0,Undefined
130,0.0,Undefined
131,0.0,Undefined
132,0.0,Undefined
133,0.0,Undefined
134,0.0,Undefined
135,0.0,Undefined
136,0.0,Undefined
137,0.0,Undefined
138,0.0,Undefined
139,0.0,Undefined
140,0.0,Undefined
141,0.0,Undefined
142,0.0,Undefined
143,0.0,Undefined
144,0.0,Undefined
145,0.0,Undefined
146,0.0,Undefined
147,0.0,Undefined
148,0.0,Undefined
149,0.0,Undefined
150,0.0,Undefined
151,0.0,Undefined
152,0.0,Undefined
153,0.0,Undefined
154,0.0,Undefined
155,0.0,Undefined
156,0.0,Undefined
157,0.0,Undefined
158,0.0,Undefined
159,0.0,Undefined
160,0.0,Undefined
161,0.0,Undefined
162,0.0,Undefined
163,0.0,Undefined
164,0.0,Undefined
165,0.0,Undefined
166,0.0,Undefined
167,0.0,Undefined
168,0.0,Undefined
169,0.0,Undefined
170,0.0,Undefined
171,0.0,Undefined
172,0.0,Undefined
173,0.0,Undefined
174,0.0,Undefined
175,0.0,Undefined
176,0.0,Undefined
177,0.0,Undefined
178,0.0,Undefined
179,0.0,Undefined
180,0.0,Undefined
181,0.0,Undefined
182,0.0,Undefined
183,0.0,Undefined
184,0.0,Undefined
185,0.0,Undefined
186,0.0,Undefined
187,0.0,Undefined
188,0.0,Undefined
189,0.0,Undefined
190,0.0,Undefined
191,0.0,Undefined
192,0.0,Undefined
193,0.0,Undefined
194,0.0,Undefined
195,0.0,Undefined
196,0.0,Undefined
197,0.0,Undefined
198,0.0,Undefined
199,0.0,Undefined
200,0.0,Undefined
201,0.0,Undefined
202,0.0,Undefined
203,0.0,Undefined
204,0.0,Undefined
205,0.0,Undefined
206,0.0,Undefined
207,0.0,Undefined
208,0.0,Undefined
209,0.0,Undefined
210,0.0,Undefined
211,0.0,Undefined
212,0.0,Undefined
213,0.0,Undefined
214,0.0,Undefined
215,0.0,Undefined
216,0.0,Undefined
217,0.0,Undefined
218,0.0,Undefined
219,0.0,Undefined
220,0.0,Undefined
221,0.0,Undefined
222,0.0,Undefined
223,0.0,Undefined
224,0.0,Undefined
225,0.0,Undefined
226,0.0,Undefined
227,0.0,Undefined
228,0.0,Undefined
229,0.0,Undefined
230,0.0,Undefined
231,0.0,Undefined
232,0.0,Undefined
233,0.0,Undefined
234,0.0,Undefined
235,0.0,Undefined
236,0.0,Undefined
237,0.0,Undefined
238,0.0,Undefined
239,0.0,Undefined
240,0.0,Undefined
241,0.0,Undefined
242,0.0,Undefined
243,0.0,Undefined
244,0.0,Undefined
245,0.0,Undefined
246,0.0,Undefined
247,0.0,Undefined
248,0.0,Undefined
249,0.0,Undefined
250,0.0,Undefined
251,0.0,Undefined
252,0.0,Undefined
253,0.0,Undefined
254,0.0,Undefined
255,0.0,Undefined
256,0.0,Undefined
257,0.0,Undefined
258,0.0,Undefined
259,0.0,Undefined
260,0.0,Undefined
261,0.0,Undefined
262,0.0,Undefined
263,0.0,Undefined
264,0.0,Undefined
265,0.0,Undefined
266,0.0,Undefined
267,0.0,Undefined
268,0.0,Undefined
269,0.0,Undefined
270,0.0,Undefined
271,0.0,Undefined
272,0.0,Undefined
273,0.0,Undefined
274,0.0,Undefined
275,0.0,Undefined
276,0.0,Undefined
277,0.0,Undefined
278,0.0,Undefined
279,0.0,Undefined
280,0.0,Undefined
281,0.0,Undefined
282,0.0,Undefined
283,0.0,Undefined
284,0.0,Undefined
285,0.0,Undefined
286,0.0,Undefined
287,0.0,Undefined
288,0.0,Undefined
289,0.0,Undefined
290,0.0,Undefined
291,0.0,Undefined
292,0.0,Undefined
293,0.0,Undefined
294,0.0,Undefined
295,0.0,Undefined
296,0.0,Undefined
297,0.0,Undefined
298,0.0,Undefined
299,0.0,Undefined
300,0.0,Undefined
301,0.0,Undefined
302,0.0,Undefined
303,0.0,Undefined
304,0.0,Undefined
305,0.0,Undefined
306,0.0,Undefined
307,0.0,Undefined
308,0.0,Undefined
309,0.0,Undefined
310,0.0,Undefined
311,0.0,Undefined
312,0.0,Undefined
313,0.0,Undefined
314,0.0,Undefined
315,0.0,Undefined
316,0.0,Undefined
317,0.0,Undefined
318,0.0,Undefined
319,0.0,Undefined
320,0.0,Undefined
321,0.0,Undefined
322,0.0,Undefined
323,0.0,Undefined
324,0.0,Undefined
325,0.0,Undefined
326,0.0,Undefined
327,0.0,Undefined
328,0.0,Undefined
329,0.0,Undefined
330,0.0,Undefined
331,0.0,Undefined
332,0.0,Undefined
333,0.0,Undefined
334,0.0,Undefined
335,0.0,Undefined
336,0.0,Undefined
337,0.0,Undefined
338,0.0,Undefined
339,0.0,Undefined
340,0.0,Undefined
341,0.0,Undefined
342,0.0,Undefined
343,0.0,Undefined
344,0.0,Undefined
345,0.0,Undefined
346,0.0,Undefined
347,0.0,Undefined
348,0.0,Undefined
349,0.0,Undefined
350,0.0,Undefined
351,0.0,Undefined
352,0.0,Undefined
353,0.0,Undefined
354,0.0,Undefined
355,0.0,Undefined
356,0.0,Undefined
357,0.0,Undefined
358,0.0,Undefined
359,0.0,Undefined
360,0.0,Undefined
361,0.0,Undefined
362,0.0,Undefined
363,0.0,Undefined
364,0.0,Undefined
365,0.0,Undefined
366,0.0,Undefined
367,0.0,Undefined
368,0.0,Undefined
369,0.0,Undefined
370,0.0,Undefined
371,0.0,Undefined
372,0.0,Undefined
373,0.0,Undefined
374,0.0,Undefined
375,0.0,Undefined
376,0.0,Undefined
377,0.0,Undefined
378,0.0,Undefined
379,0.0,Undefined
380,0.0,Undefined
381,0.0,Undefined
382,0.0,Undefined
383,0.0,Undefined
384,0.0,Undefined
385,0.0,Undefined
386,0.0,Undefined
387,0.0,Undefined
388,0.0,Undefined
389,0.0,Undefined
390,0.0,Undefined
391,0.0,Undefined
392,0.0,Undefined
393,0.0,Undefined
394,0.0,Undefined
395,0.0,Undefined
396,0.0,Undefined
397,0.0,Undefined
398,0.0,Undefined
399,0.0,Undefined
400,0.0,Undefined
401,0.0,Undefined
402,0.0,Undefined
403,0.0,Undefined
404,0.0,Undefined
405,0.0,Undefined
406,0.0,Undefined
407,0.0,Undefined
408,0.0,Undefined
409,0.0,Undefined
410,0.0,Undefined
411,0.0,Undefined
412,0.0,Undefined
413,0.0,Undefined
414,0.0,Undefined
415,0.0,Undefined
416,0.0,Undefined
417,0.0,Undefined
418,0.0,Undefined
419,0.0,Undefined
420,0.0,Undefined
421,0.0,Undefined
422,0.0,Undefined
423,0.0,Undefined
424,0.0,Undefined
425,0.0,Undefined
426,0.0,Undefined
427,0.0,Undefined
428,0.0,Undefined
429,0.0,Undefined
430,0.0,Undefined
431,0.0,Undefined
432,0.0,Undefined
433,0.0,Undefined
434,0.0,Undefined
435,0.0,Undefined
436,0.0,Undefined
437,0.0,Undefined
438,0.0,Undefined
439,0.0,Undefined
440,0.0,Undefined
441,0.0,Undefined
442,0.0,Undefined
443,0.0,Undefined
444,0.0,Undefined
445,0.0,Undefined
446,0.0,Undefined
447,0.0,Undefined
448,0.0,Undefined
449,0.0,Undefined
450,0.0,Undefined
451,0.0,Undefined
452,0.0,Undefined
453,0.0,Undefined
454,0.0,Undefined
455,0.0,Undefined
456,0.0,Undefined
457,0.0,Undefined
458,0.0,Undefined
459,0.0,Undefined
460,0.0,Undefined
461,0.0,Undefined
462,0.0,Undefined
463,0.0,Undefined
464,0.0,Undefined
465,0.0,Undefined
466,0.0,Undefined
467,0.0,Undefined
468,0.0,Undefined
469,0.0,Undefined
470,0.0,Undefined
471,0.0,Undefined
472,0.0,Undefined
473,0.0,Undefined
474,0.0,Undefined
475,0.0,Undefined
476,0.0,Undefined
477,0.0,Undefined
478,0.0,Undefined
479,0.0,Undefined
480,0.0,Undefined
481,0.0,Undefined
482,0.0,Undefined
483,0.0,Undefined
484,0.0,Undefined
485,0.0,Undefined
486,0.0,Undefined
487,0.0,Undefined
488,0.0,Undefined
489,0.0,Undefined
490,0.0,Undefined
491,0.0,Undefined
492,0.0,Undefined
493,0.0,Undefined
494,0.0,Undefined
495,0.0,Undefined
496,0.0,Undefined
497,0.0,Undefined
498,0.0,Undefined
499,0.0,Undefined
500,0.0,Undefined
501,0.0,Undefined
502,0.0,Undefined
503,0.0,Undefined
504,0.0,Undefined
505,0.0,Undefined
506,0.0,Undefined
507,0.0,Undefined
508,0.0,Undefined
509,0.0,Undefined
510,0.0,Undefined
511,0.0,Undefined
512,0.0,Undefined
513,0.0,Undefined
514,0.0,Undefined
515,0.0,Undefined
516,0.0,Undefined
517,0.0,Undefined
518,0.0,Undefined
519,0.0,Undefined
520,0.0,Undefined
521,0.0,Undefined
522,0.0,Undefined
523,0.0,Undefined
524,0.0,Undefined
525,0.0,Undefined
526,0.0,Undefined
527,0.0,Undefined
528,0.0,Undefined
529,0.0,Undefined
530,0.0,Undefined
531,0.0,Undefined
532,0.0,Undefined
533,0.0,Undefined
534,0.0,Undefined
535,0.0,Undefined
536,0.0,Undefined
537,0.0,Undefined
538,0.0,Undefined
539,0.0,Undefined
540,0.0,Undefined
541,0.0,Undefined
542,0.0,Undefined
543,0.0,Undefined
544,0.0,Undefined
545,0.0,Undefined
546,0.0,Undefined
547,0.0,Undefined
548,0.0,Undefined
549,0.0,Undefined
550,0.0,Undefined
551,0.0,Undefined
552,0.0,Undefined
553,0.0,Undefined
554,0.0,Undefined
555,0.0,Undefined
556,0.0,Undefined
557,0.0,Undefined
558,0.0,Undefined
559,0.0,Undefined
560,0.0,Undefined
561,0.0,Undefined
562,0.0,Undefined
563,0.0,Undefined
564,0.0,Undefined
565,0.0,Undefined
566,0.0,Undefined
567,0.0,Undefined
568,0.0,Undefined
569,0.0,Undefined
570,0.0,Undefined
571,0.0,Undefined
572,0.0,Undefined
573,0.0,Undefined
574,0.0,Undefined
575,0.0,Undefined
576,0.0,Undefined
577,0.0,Undefined
578,0.0,Undefined
579,0.0,Undefined
580,0.0,Undefined
581,0.0,Undefined
582,0.0,Undefined
583,0.0,Undefined
584,0.0,Undefined
585,0.0,Undefined
586,0.0,Undefined
587,0.0,Undefined
588,0.0,Undefined
589,0.0,Undefined
590,0.0,Undefined
591,0.0,Undefined
592,0.0,Undefined
593,0.0,Undefined
594,0.0,Undefined
595,0.0,Undefined
596,0.0,Undefined
597,0.0,Undefined
598,0.0,Undefined
599,0.0,Undefined
600,0.0,Undefined
601,0.0,Undefined
602,0.0,Undefined
603,0.0,Undefined
604,0.0,Undefined
605,0.0,Undefined
606,0.0,Undefined
607,0.0,Undefined
608,0.0,Undefined
609,0.0,Undefined
610,0.0,Undefined
611,0.0,Undefined
612,0.0,Undefined
613,0.0,Undefined
614,0.0,Undefined
615,0.0,Undefined
616,0.0,Undefined
617,0.0,Undefined
618,0.0,Undefined
619,0.0,Undefined
620,0.0,Undefined
621,0.0,Undefined
622,0.0,Undefined
623,0.0,Undefined
624,0.0,Undefined
625,0.0,Undefined
626,0.0,Undefined
627,0.0,Undefined
628,0.0,Undefined
629,0.0,Undefined
630,0.0,Undefined
631,0.0,Undefined
632,0.0,Undefined
633,0.0,Undefined
634,0.0,Undefined
635,0.0,Undefined
636,0.0,Undefined
637,0.0,Undefined
638,0.0,Undefined
639,0.0,Undefined
640,0.0,Undefined
641,0.0,Undefined
642,0.0,Undefined
643,0.0,Undefined
644,0.0,Undefined
645,0.0,Undefined
646,0.0,Undefined
647,0.0,Undefined
648,0.0,Undefined
649,0.0,Undefined
650,0.0,Undefined
651,0.0,Undefined
652,0.0,Undefined
653,0.0,Undefined
654,0.0,Undefined
655,0.0,Undefined
656,0.0,Undefined
657,0.0,Undefined
658,0.0,Undefined
659,0.0,Undefined
660,0.0,Undefined
661,0.0,Undefined
662,0.0,Undefined
663,0.0,Undefined
664,0.0,Undefined
665,0.0,Undefined
666,0.0,Undefined
667,0.0,Undefined
668,0.0,Undefined
669,0.0,Undefined
670,0.0,Undefined
671,0.0,Undefined
672,0.0,Undefined
673,0.0,Undefined
674,0.0,Undefined
675,0.0,Undefined
676,0.0,Undefined
677,0.0,Undefined
678,0.0,Undefined
679,0.0,Undefined
680,0.0,Undefined
681,0.0,Undefined
682,0.0,Undefined
683,0.0,Undefined
684,0.0,Undefined
685,0.0,Undefined
686,0.0,Undefined
687,0.0,Undefined
688,0.0,Undefined
689,0.0,Undefined
690,0.0,Undefined
691,0.0,Undefined
692,0.0,Undefined
693,0.0,Undefined
694,0.0,Undefined
695,0.0,Undefined
696,0.0,Undefined
697,0.0,Undefined
698,0.0,Undefined
699,0.0,Undefined
700,0.0,Undefined
701,0.0,Undefined
702,0.0,Undefined
703,0.0,Undefined
704,0.0,Undefined
705,0.0,Undefined
706,0.0,Undefined
707,0.0,Undefined
708,0.0,Undefined
709,0.0,Undefined
710,0.0,Undefined
711,0.0,Undefined
712,0.0,Undefined
713,0.0,Undefined
714,0.0,Undefined
715,0.0,Undefined
716,0.0,Undefined
717,0.0,Undefined
718,0.0,Undefined
719,0.0,Undefined
720,0.0,Undefined
721,0.0,Undefined
722,0.0,Undefined
723,0.0,Undefined
724,0.0,Undefined
725,0.0,Undefined
726,0.0,Undefined
727,0.0,Undefined
728,0.0,Undefined
729,0.0,Undefined
730,0.0,Undefined
731,0.0,Undefined
732,0.0,Undefined
733,0.0,Undefined
734,0.0,Undefined
735,0.0,Undefined
736,0.0,Undefined
737,0.0,Undefined
738,0.0,Undefined
739,0.0,Undefined
740,0.0,Undefined
741,0.0,Undefined
742,0.0,Undefined
743,0.0,Undefined
744,0.0,Undefined
745,0.0,Undefined
746,0.0,Undefined
747,0.0,Undefined
748,0.0,Undefined
749,0.0,Undefined
750,0.0,Undefined
751,0.0,Undefined
752,0.0,Undefined
753,0.0,Undefined
754,0.0,Undefined
755,0.0,Undefined
756,0.0,Undefined
757,0.0,Undefined
758,0.0,Undefined
759,0.0,Undefined
760,0.0,Undefined
761,0.0,Undefined
762,0.0,Undefined
763,0.0,Undefined
764,0.0,Undefined
765,0.0,Undefined
766,0.0,Undefined
767,0.0,Undefined
768,0.0,Undefined
769,0.0,Undefined
770,0.0,Undefined
771,0.0,Undefined
772,0.0,Undefined
773,0.0,Undefined
774,0.0,Undefined
775,0.0,Undefined
776,0.0,Undefined
777,0.0,Undefined
778,0.0,Undefined
779,0.0,Undefined
780,0.0,Undefined
781,0.0,Undefined
782,0.0,Undefined
783,0.0,Undefined
784,0.0,Undefined
785,0.0,Undefined
786,0.0,Undefined
787,0.0,Undefined
788,0.0,Undefined
789,0.0,Undefined
790,0.0,Undefined
791,0.0,Undefined
792,0.0,Undefined
793,0.0,Undefined
794,0.0,Undefined
795,0.0,Undefined
796,0.0,Undefined
797,0.0,Undefined
798,0.0,Undefined
799,0.0,Undefined
800,0.0,Undefined
801,0.0,Undefined
802,0.0,Undefined
803,0.0,Undefined
804,0.0,Undefined
805,0.0,Undefined
806,0.0,Undefined
807,0.0,Undefined
808,0.0,Undefined
809,0.0,Undefined
810,0.0,Undefined
811,0.0,Undefined
812,0.0,Undefined
813,0.0,Undefined
814,0.0,Undefined
815,0.0,Undefined
816,0.0,Undefined
817,0.0,Undefined
818,0.0,Undefined
819,0.0,Undefined
820,0.0,Undefined
821,0.0,Undefined
822,0.0,Undefined
823,0.0,Undefined
824,0.0,Undefined
825,0.0,Undefined
826,0.0,Undefined
827,0.0,Undefined
828,0.0,Undefined
829,0.0,Undefined
830,0.0,Undefined
831,0.0,Undefined
832,0.0,Undefined
833,0.0,Undefined
834,0.0,Undefined
835,0.0,Undefined
836,0.0,Undefined
837,0.0,Undefined
838,0.0,Undefined
839,0.0,Undefined
840,0.0,Undefined
841,0.0,Undefined
842,0.0,Undefined
843,0.0,Undefined
844,0.0,Undefined
845,0.0,Undefined
846,0.0,Undefined
847,0.0,Undefined
848,0.0,Undefined
849,0.0,Undefined
850,0.0,Undefined
851,0.0,Undefined
852,0.0,Undefined
853,0.0,Undefined
854,0.0,Undefined
855,0.0,Undefined
856,0.0,Undefined
857,0.0,Undefined
858,0.0,Undefined
859,0.0,Undefined
860,0.0,Undefined
861,0.0,Undefined
862,0.0,Undefined
863,0.0,Undefined
864,0.0,Undefined
865,0.0,Undefined
866,0.0,Undefined
867,0.0,Undefined
868,0.0,Undefined
869,0.0,Undefined
870,0.0,Undefined
871,0.0,Undefined
872,0.0,Undefined
873,0.0,Undefined
874,0.0,Undefined
875,0.0,Undefined
876,0.0,Undefined
877,0.0,Undefined
878,0.0,Undefined
879,0.0,Undefined
880,0.0,Undefined
881,0.0,Undefined
882,0.0,Undefined
883,0.0,Undefined
884,0.0,Undefined
885,0.0,Undefined
886,0.0,Undefined
887,0.0,Undefined
888,0.0,Undefined
889,0.0,Undefined
890,0.0,Undefined
891,0.0,Undefined
892,0.0,Undefined
893,0.0,Undefined
894,0.0,Undefined
895,0.0,Undefined
896,0.0,Undefined
897,0.0,Undefined
898,0.0,Undefined
899,0.0,Undefined
900,0.0,Undefined
901,0.0,Undefined
902,0.0,Undefined
903,0.0,Undefined
904,0.0,Undefined
905,0.0,Undefined
906,0.0,Undefined
907,0.0,Undefined
908,0.0,Undefined
909,0.0,Undefined
910,0.0,Undefined
911,0.0,Undefined
912,0.0,Undefined
913,0.0,Undefined
914,0.0,Undefined
915,0.0,Undefined
916,0.0,Undefined
917,0.0,Undefined
918,0.0,Undefined
919,0.0,Undefined
920,0.0,Undefined
921,0.0,Undefined
922,0.0,Undefined
923,0.0,Undefined
924,0.0,Undefined
925,0.0,Undefined
926,0.0,Undefined
927,0.0,Undefined
928,0.0,Undefined
929,0.0,Undefined
930,0.0,Undefined
931,0.0,Undefined
932,0.0,Undefined
933,0.0,Undefined
934,0.0,Undefined
935,0.0,Undefined
936,0.0,Undefined
937,0.0,Undefined
938,0.0,Undefined
939,0.0,Undefined
940,0.0,Undefined
941,0.0,Undefined
942,0.0,Undefined
943,0.0,Undefined
944,0.0,Undefined
945,0.0,Undefined
946,0.0,Undefined
947,0.0,Undefined
948,0.0,Undefined
949,0.0,Undefined
950,0.0,Undefined
951,0.0,Undefined
952,0.0,Undefined
953,0.0,Undefined
954,0.0,Undefined
955,0.0,Undefined
956,0.0,Undefined
957,0.0,Undefined
958,0.0,Undefined
959,0.0,Undefined
960,0.0,Undefined
961,0.0,Undefined
962,0.0,Undefined
963,0.0,Undefined
964,0.0,Undefined
965,0.0,Undefined
966,0.0,Undefined
967,0.0,Undefined
968,0.0,Undefined
969,0.0,Undefined
970,0.0,Undefined
971,0.0,Undefined
972,0.0,Undefined
973,0.0,Undefined
974,0.0,Undefined
975,0.0,Undefined
976,0.0,Undefined
977,0.0,Undefined
978,0.0,Undefined
979,0.0,Undefined
980,0.0,Undefined
981,0.0,Undefined
982,0.0,Undefined
983,0.0,Undefined
984,0.0,Undefined
985,0.0,Undefined
986,0.0,Undefined
987,0.0,Undefined
988,0.0,Undefined
989,0.0,Undefined
990,0.0,Undefined
991,0.0,Undefined
992,0.0,Undefined
993,0.0,Undefined
994,0.0,Undefined
995,0.0,Undefined
996,0.0,Undefined
997,0.0,Undefined
998,0.0,Undefined
999,0.0,Undefined
1000,0.0,Undefined
1001,0.0,Undefined
1002,0.0,Undefined
1003,0.0,Undefined
1004,0.0,Undefined
1005,0.0,Undefined
1006,0.0,Undefined
1007,0.0,Undefined
1008,0.0,Undefined
1009,0.0,Undefined
1010,0.0,Undefined
1011,0.0,Undefined
1012,0.0,Undefined
1013,0.0,Undefined
1014,0.0,Undefined
1015,0.0,Undefined
1016,0.0,Undefined
1017,0.0,Undefined
1018,0.0,Undefined
1019,0.0,Undefined
1020,0.0,Undefined
1021,0.0,Undefined
1022,0.0,Undefined
1023,0.0,Undefined
1024,0.0,Undefined
1025,0.0,Undefined
1026,0.0,Undefined
1027,0.0,Undefined
1028,0.0,Undefined
1029,0.0,Undefined
1030,0.0,Undefined
1031,0.0,Undefined
1032,0.0,Undefined
1033,0.0,Undefined
1034,0.0,Undefined
1035,0.0,Undefined
1036,0.0,Undefined
1037,0.0,Undefined
1038,0.0,Undefined
1039,0.0,Undefined
1040,0.0,Undefined
1041,0.0,Undefined
1042,0.0,Undefined
1043,0.0,Undefined
1044,0.0,Undefined
1045,0.0,Undefined
1046,0.0,Undefined
1047,0.0,Undefined
1048,0.0,Undefined
1049,0.0,Undefined
1050,0.0,Undefined
1051,0.0,Undefined
1052,0.0,Undefined
1053,0.0,Undefined
1054,0.0,Undefined
1055,0.0,Undefined
1056,0.0,Undefined
1057,0.0,Undefined
1058,0.0,Undefined
1059,0.0,Undefined
1060,0.0,Undefined
1061,0.0,Undefined
1062,0.0,Undefined
1063,0.0,Undefined
1064,0.0,Undefined
1065,0.0,Undefined
1066,0.0,Undefined
1067,0.0,Undefined
1068,0.0,Undefined
1069,0.0,Undefined
1070,0.0,Undefined
1071,0.0,Undefined
1072,0.0,Undefined
1073,0.0,Undefined
1074,0.0,Undefined
1075,0.0,Undefined
1076,0.0,Undefined
1077,0.0,Undefined
1078,0.0,Undefined
1079,0.0,Undefined
1080,0.0,Undefined
1081,0.0,Undefined
1082,0.0,Undefined
1083,0.0,Undefined
1084,0.0,Undefined
1085,0.0,Undefined
1086,0.0,Undefined
1087,0.0,Undefined
1088,0.0,Undefined
1089,0.0,Undefined
1090,0.0,Undefined
1091,0.0,Undefined
1092,0.0,Undefined
1093,0.0,Undefined
1094,0.0,Undefined
1095,0.0,Undefined
1096,0.0,Undefined
1097,0.0,Undefined
1098,0.0,Undefined
1099,0.0,Undefined
1100,0.0,Undefined
1101,0.0,Undefined
1102,0.0,Undefined
1103,0.0,Undefined
1104,0.0,Undefined
1105,0.0,Undefined
1106,0.0,Undefined
1107,0.0,Undefined
1108,0.0,Undefined
1109,0.0,Undefined
1110,0.0,Undefined
1111,0.0,Undefined
1112,0.0,Undefined
1113,0.0,Undefined
1114,0.0,Undefined
1115,0.0,Undefined
1116,0.0,Undefined
1117,0.0,Undefined
1118,0.0,Undefined
1119,0.0,Undefined
1120,0.0,Undefined
1121,0.0,Undefined
1122,0.0,Undefined
1123,0.0,Undefined
1124,0.0,Undefined
1125,0.0,Undefined
1126,0.0,Undefined
1127,0.0,Undefined
1128,0.0,Undefined
1129,0.0,Undefined
1130,0.0,Undefined
1131,0.0,Undefined
1132,0.0,Undefined
1133,0.0,Undefined
1134,0.0,Undefined
1135,0.0,Undefined
1136,0.0,Undefined
1137,0.0,Undefined
1138,0.0,Undefined
1139,0.0,Undefined
1140,0.0,Undefined
1141,0.0,Undefined
1142,0.0,Undefined
1143,0.0,Undefined
1144,0.0,Undefined
1145,0.0,Undefined
1146,0.0,Undefined
1147,0.0,Undefined
1148,0.0,Undefined
1149,0.0,Undefined
1150,0.0,Undefined
1151,0.0,Undefined
1152,0.0,Undefined
1153,0.0,Undefined
1154,0.0,Undefined
1155,0.0,Undefined
1156,0.0,Undefined
1157,0.0,Undefined
1158,0.0,Undefined
1159,0.0,Undefined
1160,0.0,Undefined
1161,0.0,Undefined
1162,0.0,Undefined
1163,0.0,Undefined
1164,0.0,Undefined
1165,0.0,Undefined
1166,0.0,Undefined
1167,0.0,Undefined
1168,0.0,Undefined
1169,0.0,Undefined
1170,0.0,Undefined
1171,0.0,Undefined
1172,0.0,Undefined
1173,0.0,Undefined
1174,0.0,Undefined
1175,0.0,Undefined
1176,0.0,Undefined
1177,0.0,Undefined
1178,0.0,Undefined
1179,0.0,Undefined
1180,0.0,Undefined
1181,0.0,Undefined
1182,0.0,Undefined
1183,0.0,Undefined
1184,0.0,Undefined
1185,0.0,Undefined
1186,0.0,Undefined
1187,0.0,Undefined
1188,0.0,Undefined
1189,0.0,Undefined
1190,0.0,Undefined
1191,0.0,Undefined
1192,0.0,Undefined
1193,0.0,Undefined
1194,0.0,Undefined
1195,0.0,Undefined
1196,0.0,Undefined
1197,0.0,Undefined
1198,0.0,Undefined
1199,0.0,Undefined
1200,0.0,Undefined
1201,0.0,Undefined
1202,0.0,Undefined
1203,0.0,Undefined
1204,0.0,Undefined
1205,0.0,Undefined
1206,0.0,Undefined
1207,0.0,Undefined
1208,0.0,Undefined
1209,0.0,Undefined
1210,0.0,Undefined
1211,0.0,Undefined
1212,0.0,Undefined
1213,0.0,Undefined
1214,0.0,Undefined
1215,0.0,Undefined
1216,0.0,Undefined
1217,0.0,Undefined
1218,0.0,Undefined
1219,0.0,Undefined
1220,0.0,Undefined
1221,0.0,Undefined
1222,0.0,Undefined
1223,0.0,Undefined
1224,0.0,Undefined
1225,0.0,Undefined
1226,0.0,Undefined
1227,0.0,Undefined
1228,0.0,Undefined
1229,0.0,Undefined
1230,0.0,Undefined
1231,0.0,Undefined
1232,0.0,Undefined
1233,0.0,Undefined
1234,0.0,Undefined
1235,0.0,Undefined
1236,0.0,Undefined
1237,0.0,Undefined
1238,0.0,Undefined
1239,0.0,Undefined
1240,0.0,Undefined
1241,0.0,Undefined
1242,0.0,Undefined
1243,0.0,Undefined
1244,0.0,Undefined
1245,0.0,Undefined
1246,0.0,Undefined
1247,0.0,Undefined
1248,0.0,Undefined
1249,0.0,Undefined
1250,0.0,Undefined
1251,0.0,Undefined
1252,0.0,Undefined
1253,0.0,Undefined
1254,0.0,Undefined
1255,0.0,Undefined
1256,0.0,Undefined
1257,0.0,Undefined
1258,0.0,Undefined
1259,0.0,Undefined
1260,0.0,Undefined
1261,0.0,Undefined
1262,0.0,Undefined
1263,0.0,Undefined
1264,0.0,Undefined
1265,0.0,Undefined
1266,0.0,Undefined
1267,0.0,Undefined
1268,0.0,Undefined
1269,0.0,Undefined
1270,0.0,Undefined
1271,0.0,Undefined
1272,0.0,Undefined
1273,0.0,Undefined
1274,0.0,Undefined
1275,0.0,Undefined
1276,0.0,Undefined
1277,0.0,Undefined
1278,0.0,Undefined
1279,0.0,Undefined
1280,0.0,Undefined
1281,0.0,Undefined
1282,0.0,Undefined
1283,0.0,Undefined
1284,0.0,Undefined
1285,0.0,Undefined
1286,0.0,Undefined
1287,0.0,Undefined
1288,0.0,Undefined
1289,0.0,Undefined
1290,0.0,Undefined
1291,0.0,Undefined
1292,0.0,Undefined
1293,0.0,Undefined
1294,0.0,Undefined
1295,0.0,Undefined
1296,0.0,Undefined
1297,0.0,Undefined
1298,0.0,Undefined
1299,0.0,Undefined
1300,0.0,Undefined
1301,0.0,Undefined
1302,0.0,Undefined
1303,0.0,Undefined
1304,0.0,Undefined
1305,0.0,Undefined
1306,0.0,Undefined
1307,0.0,Undefined
1308,0.0,Undefined
1309,0.0,Undefined
1310,0.0,Undefined
1311,0.0,Undefined
1312,0.0,Undefined
1313,0.0,Undefined
1314,0.0,Undefined
1315,0.0,Undefined
1316,0.0,Undefined
1317,0.0,Undefined
1318,0.0,Undefined
1319,0.0,Undefined
1320,0.0,Undefined
1321,0.0,Undefined
1322,0.0,Undefined
1323,0.0,Undefined
1324,0.0,Undefined
1325,0.0,Undefined
1326,0.0,Undefined
1327,0.0,Undefined
1328,0.0,Undefined
1329,0.0,Undefined
1330,0.0,Undefined
1331,0.0,Undefined
1332,0.0,Undefined
1333,0.0,Undefined
1334,0.0,Undefined
1335,0.0,Undefined
1336,0.0,Undefined
1337,0.0,Undefined
1338,0.0,Undefined
1339,0.0,Undefined
1340,0.0,Undefined
1341,0.0,Undefined
1342,0.0,Undefined
1343,0.0,Undefined
1344,0.0,Undefined
1345,0.0,Undefined
1346,0.0,Undefined
1347,0.0,Undefined
1348,0.0,Undefined
1349,0.0,Undefined
1350,0.0,Undefined
1351,0.0,Undefined
1352,0.0,Undefined
1353,0.0,Undefined
1354,0.0,Undefined
1355,0.0,Undefined
1356,0.0,Undefined
1357,0.0,Undefined
1358,0.0,Undefined
1359,0.0,Undefined
1360,0.0,Undefined
1361,0.0,Undefined
1362,0.0,Undefined
1363,0.0,Undefined
1364,0.0,Undefined
1365,0.0,Undefined
1366,0.0,Undefined
1367,0.0,Undefined
1368,0.0,Undefined
1369,0.0,Undefined
1370,0.0,Undefined
1371,0.0,Undefined
1372,0.0,Undefined
1373,0.0,Undefined
1374,0.0,Undefined
1375,0.0,Undefined
1376,0.0,Undefined
1377,0.0,Undefined
1378,0.0,Undefined
1379,0.0,Undefined
1380,0.0,Undefined
1381,0.0,Undefined
1382,0.0,Undefined
1383,0.0,Undefined
1384,0.0,Undefined
1385,0.0,Undefined
1386,0.0,Undefined
1387,0.0,Undefined
1388,0.0,Undefined
1389,0.0,Undefined
1390,0.0,Undefined
1391,0.0,Undefined
1392,0.0,Undefined
1393,0.0,Undefined
1394,0.0,Undefined
1395,0.0,Undefined
1396,0.0,Undefined
1397,0.0,Undefined
1398,0.0,Undefined
1399,0.0,Undefined
1400,0.0,Undefined
1401,0.0,Undefined
1402,0.0,Undefined
1403,0.0,Undefined
1404,0.0,Undefined
1405,0.0,Undefined
1406,0.0,Undefined
1407,0.0,Undefined
1408,0.0,Undefined
1409,0.0,Undefined
1410,0.0,Undefined
1411,0.0,Undefined
1412,0.0,Undefined
1413,0.0,Undefined
1414,0.0,Undefined
1415,0.0,Undefined
1416,0.0,Undefined
1417,0.0,Undefined
1418,0.0,Undefined
1419,0.0,Undefined
1420,0.0,Undefined
1421,0.0,Undefined
1422,0.0,Undefined
1423,0.0,Undefined
1424,0.0,Undefined
1425,0.0,Undefined
1426,0.0,Undefined
1427,0.0,Undefined
1428,0.0,Undefined
1429,0.0,Undefined
1430,0.0,Undefined
1431,0.0,Undefined
1432,0.0,Undefined
1433,0.0,Undefined
1434,0.0,Undefined
1435,0.0,Undefined
1436,0.0,Undefined
1437,0.0,Undefined
1438,0.0,Undefined
1439,0.0,Undefined
1440,0.0,Undefined
1441,0.0,Undefined
1442,0.0,Undefined
1443,0.0,Undefined
1444,0.0,Undefined
1445,0.0,Undefined
1446,0.0,Undefined
1447,0.0,Undefined
1448,0.0,Undefined
1449,0.0,Undefined
1450,0.0,Undefined
1451,0.0,Undefined
1452,0.0,Undefined
1453,0.0,Undefined
1454,0.0,Undefined
1455,0.0,Undefined
1456,0.0,Undefined
1457,0.0,Undefined
1458,0.0,Undefined
1459,0.0,Undefined
1460,0.0,Undefined
1461,0.0,Undefined
1462,0.0,Undefined
1463,0.0,Undefined
1464,0.0,Undefined
1465,0.0,Undefined
1466,0.0,Undefined
1467,0.0,Undefined
1468,0.0,Undefined
1469,0.0,Undefined
1470,0.0,Undefined
1471,0.0,Undefined
1472,0.0,Undefined
1473,0.0,Undefined
1474,0.0,Undefined
1475,0.0,Undefined
1476,0.0,Undefined
1477,0.0,Undefined
1478,0.0,Undefined
1479,0.0,Undefined
1480,0.0,Undefined
1481,0.0,Undefined
1482,0.0,Undefined
1483,0.0,Undefined
1484,0.0,Undefined
1485,0.0,Undefined
1486,0.0,Undefined
1487,0.0,Undefined
1488,0.0,Undefined
1489,0.0,Undefined
1490,0.0,Undefined
1491,0.0,Undefined
1492,0.0,Undefined
1493,0.0,Undefined
1494,0.0,Undefined
1495,0.0,Undefined
1496,0.0,Undefined
1497,0.0,Undefined
1498,0.0,Undefined
1499,0.0,Undefined
1500,0.0,Undefined
1501,0.0,Undefined
1502,0.0,Undefined
1503,0.0,Undefined
1504,0.0,Undefined
1505,0.0,Undefined
1506,0.0,Undefined
1507,0.0,Undefined
1508,0.0,Undefined
1509,0.0,Undefined
1510,0.0,Undefined
1511,0.0,Undefined
1512,0.0,Undefined
1513,0.0,Undefined
1514,0.0,Undefined
1515,0.0,Undefined
1516,0.0,Undefined
1517,0.0,Undefined
1518,0.0,Undefined
1519,0.0,Undefined
1520,0.0,Undefined
1521,0.0,Undefined
1522,0.0,Undefined
1523,0.0,Undefined
1524,0.0,Undefined
1525,0.0,Undefined
1526,0.0,Undefined
1527,0.0,Undefined
1528,0.0,Undefined
1529,0.0,Undefined
1530,0.0,Undefined
1531,0.0,Undefined
1532,0.0,Undefined
1533,0.0,Undefined
1534,0.0,Undefined
1535,0.0,Undefined
1536,0.0,Undefined
1537,0.0,Undefined
1538,0.0,Undefined
1539,0.0,Undefined
1540,0.0,Undefined
1541,0.0,Undefined
1542,0.0,Undefined
1543,0.0,Undefined
1544,0.0,Undefined
1545,0.0,Undefined
1546,0.0,Undefined
1547,0.0,Undefined
1548,0.0,Undefined
1549,0.0,Undefined
1550,0.0,Undefined
1551,0.0,Undefined
1552,0.0,Undefined
1553,0.0,Undefined
1554,0.0,Undefined
1555,0.0,Undefined
1556,0.0,Undefined
1557,0.0,Undefined
1558,0.0,Undefined
1559,0.0,Undefined
1560,0.0,Undefined
1561,0.0,Undefined
1562,0.0,Undefined
1563,0.0,Undefined
1564,0.0,Undefined
1565,0.0,Undefined
1566,0.0,Undefined
1567,0.0,Undefined
1568,0.0,Undefined
1569,0.0,Undefined
1570,0.0,Undefined
1571,0.0,Undefined
1572,0.0,Undefined
1573,0.0,Undefined
1574,0.0,Undefined
1575,0.0,Undefined
1576,0.0,Undefined
1577,0.0,Undefined
1578,0.0,Undefined
1579,0.0,Undefined
1580,0.0,Undefined
1581,0.0,Undefined
1582,0.0,Undefined
1583,0.0,Undefined
1584,0.0,Undefined
1585,0.0,Undefined
1586,0.0,Undefined
1587,0.0,Undefined
1588,0.0,Undefined
1589,0.0,Undefined
1590,0.0,Undefined
1591,0.0,Undefined
1592,0.0,Undefined
1593,0.0,Undefined
1594,0.0,Undefined
1595,0.0,Undefined
1596,0.0,Undefined
1597,0.0,Undefined
1598,0.0,Undefined
1599,0.0,Undefined
1600,0.0,Undefined
1601,0.0,Undefined
1602,0.0,Undefined
1603,0.0,Undefined
1604,0.0,Undefined
1605,0.0,Undefined
1606,0.0,Undefined
1607,0.0,Undefined
1608,0.0,Undefined
1609,0.0,Undefined
1610,0.0,Undefined
1611,0.0,Undefined
1612,0.0,Undefined
1613,0.0,Undefined
1614,0.0,Undefined
1615,0.0,Undefined
1616,0.0,Undefined
1617,0.0,Undefined
1618,0.0,Undefined
1619,0.0,Undefined
1620,0.0,Undefined
1621,0.0,Undefined
1622,0.0,Undefined
1623,0.0,Undefined
1624,0.0,Undefined
1625,0.0,Undefined
1626,0.0,Undefined
1627,0.0,Undefined
1628,0.0,Undefined
1629,0.0,Undefined
1630,0.0,Undefined
1631,0.0,Undefined
1632,0.0,Undefined
1633,0.0,Undefined
1634,0.0,Undefined
1635,0.0,Undefined
1636,0.0,Undefined
1637,0.0,Undefined
1638,0.0,Undefined
1639,0.0,Undefined
1640,0.0,Undefined
1641,0.0,Undefined
1642,0.0,Undefined
1643,0.0,Undefined
1644,0.0,Undefined
1645,0.0,Undefined
1646,0.0,Undefined
1647,0.0,Undefined
1648,0.0,Undefined
1649,0.0,Undefined
1650,0.0,Undefined
1651,0.0,Undefined
1652,0.0,Undefined
1653,0.0,Undefined
1654,0.0,Undefined
1655,0.0,Undefined
1656,0.0,Undefined
1657,0.0,Undefined
1658,0.0,Undefined
1659,0.0,Undefined
1660,0.0,Undefined
1661,0.0,Undefined
1662,0.0,Undefined
1663,0.0,Undefined
1664,0.0,Undefined
1665,0.0,Undefined
1666,0.0,Undefined
1667,0.0,Undefined
1668,0.0,Undefined
1669,0.0,Undefined
1670,0.0,Undefined
1671,0.0,Undefined
1672,0.0,Undefined
1673,0.0,Undefined
1674,0.0,Undefined
1675,0.0,Undefined
1676,0.0,Undefined
1677,0.0,Undefined
1678,0.0,Undefined
1679,0.0,Undefined
1680,0.0,Undefined
1681,0.0,Undefined
1682,0.0,Undefined
1683,0.0,Undefined
1684,0.0,Undefined
1685,0.0,Undefined
1686,0.0,Undefined
1687,0.0,Undefined
1688,0.0,Undefined
1689,0.0,Undefined
1690,0.0,Undefined
1691,0.0,Undefined
1692,0.0,Undefined
1693,0.0,Undefined
1694,0.0,Undefined
1695,0.0,Undefined
1696,0.0,Undefined
1697,0.0,Undefined
1698,0.0,Undefined
1699,0.0,Undefined
1700,0.0,Undefined
1701,0.0,Undefined
1702,0.0,Undefined
1703,0.0,Undefined
1704,0.0,Undefined
1705,0.0,Undefined
1706,0.0,Undefined
1707,0.0,Undefined
1708,0.0,Undefined
1709,0.0,Undefined
1710,0.0,Undefined
1711,0.0,Undefined
1712,0.0,Undefined
1713,0.0,Undefined
1714,0.0,Undefined
1715,0.0,Undefined
1716,0.0,Undefined
1717,0.0,Undefined
1718,0.0,Undefined
1719,0.0,Undefined
1720,0.0,Undefined
1721,0.0,Undefined
1722,0.0,Undefined
1723,0.0,Undefined
1724,0.0,Undefined
1725,0.0,Undefined
1726,0.0,Undefined
1727,0.0,Undefined
1728,0.0,Undefined
1729,0.0,Undefined
1730,0.0,Undefined
1731,0.0,Undefined
1732,0.0,Undefined
1733,0.0,Undefined
1734,0.0,Undefined
1735,0.0,Undefined
1736,0.0,Undefined
1737,0.0,Undefined
1738,0.0,Undefined
1739,0.0,Undefined
1740,0.0,Undefined
1741,0.0,Undefined
1742,0.0,Undefined
1743,0.0,Undefined
1744,0.0,Undefined
1745,0.0,Undefined
1746,0.0,Undefined
1747,0.0,Undefined
1748,0.0,Undefined
1749,0.0,Undefined
1750,0.0,Undefined
1751,0.0,Undefined
1752,0.0,Undefined
1753,0.0,Undefined
1754,0.0,Undefined
1755,0.0,Undefined
1756,0.0,Undefined
1757,0.0,Undefined
1758,0.0,Undefined
1759,0.0,Undefined
1760,0.0,Undefined
1761,0.0,Undefined
1762,0.0,Undefined
1763,0.0,Undefined
1764,0.0,Undefined
1765,0.0,Undefined
1766,0.0,Undefined
1767,0.0,Undefined
1768,0.0,Undefined
1769,0.0,Undefined
1770,0.0,Undefined
1771,0.0,Undefined
1772,0.0,Undefined
1773,0.0,Undefined
1774,0.0,Undefined
1775,0.0,Undefined
1776,0.0,Undefined
1777,0.0,Undefined
1778,0.0,Undefined
1779,0.0,Undefined
1780,0.0,Undefined
1781,0.0,Undefined
1782,0.0,Undefined
1783,0.0,Undefined
1784,0.0,Undefined
1785,0.0,Undefined
1786,0.0,Undefined
1787,0.0,Undefined
1788,0.0,Undefined
1789,0.0,Undefined
1790,0.0,Undefined
1791,0.0,Undefined
1792,0.0,Undefined
1793,0.0,Undefined
1794,0.0,Undefined
1795,0.0,Undefined
1796,0.0,Undefined
1797,0.0,Undefined
1798,0.0,Undefined
1799,0.0,Undefined
1800,0.0,Undefined
1801,0.0,Undefined
1802,0.0,Undefined
1803,0.0,Undefined
1804,0.0,Undefined
1805,0.0,Undefined
1806,0.0,Undefined
1807,0.0,Undefined
1808,0.0,Undefined
1809,0.0,Undefined
1810,0.0,Undefined
1811,0.0,Undefined
1812,0.0,Undefined
1813,0.0,Undefined
1814,0.0,Undefined
1815,0.0,Undefined
1816,0.0,Undefined
1817,0.0,Undefined
1818,0.0,Undefined
1819,0.0,Undefined
1820,0.0,Undefined
1821,0.0,Undefined
1822,0.0,Undefined
1823,0.0,Undefined
1824,0.0,Undefined
1825,0.0,Undefined
1826,0.0,Undefined
1827,0.0,Undefined
1828,0.0,Undefined
1829,0.0,Undefined
1830,0.0,Undefined
1831,0.0,Undefined
1832,0.0,Undefined
1833,0.0,Undefined
1834,0.0,Undefined
1835,0.0,Undefined
1836,0.0,Undefined
1837,0.0,Undefined
1838,0.0,Undefined
1839,0.0,Undefined
1840,0.0,Undefined
1841,0.0,Undefined
1842,0.0,Undefined
1843,0.0,Undefined
1844,0.0,Undefined
1845,0.0,Undefined
1846,0.0,Undefined
1847,0.0,Undefined
1848,0.0,Undefined
1849,0.0,Undefined
1850,0.0,Undefined
1851,0.0,Undefined
1852,0.0,Undefined
1853,0.0,Undefined
1854,0.0,Undefined
1855,0.0,Undefined
1856,0.0,Undefined
1857,0.0,Undefined
1858,0.0,Undefined
1859,0.0,Undefined
1860,0.0,Undefined
1861,0.0,Undefined
1862,0.0,Undefined
1863,0.0,Undefined
1864,0.0,Undefined
1865,0.0,Undefined
1866,0.0,Undefined
1867,0.0,Undefined
1868,0.0,Undefined
1869,0.0,Undefined
1870,0.0,Undefined
1871,0.0,Undefined
1872,0.0,Undefined
1873,0.0,Undefined
1874,0.0,Undefined
1875,0.0,Undefined
1876,0.0,Undefined
1877,0.0,Undefined
1878,0.0,Undefined
1879,0.0,Undefined
1880,0.0,Undefined
1881,0.0,Undefined
1882,0.0,Undefined
1883,0.0,Undefined
1884,0.0,Undefined
1885,0.0,Undefined
1886,0.0,Undefined
1887,0.0,Undefined
1888,0.0,Undefined
1889,0.0,Undefined
1890,0.0,Undefined
1891,0.0,Undefined
1892,0.0,Undefined
1893,0.0,Undefined
1894,0.0,Undefined
1895,0.0,Undefined
1896,0.0,Undefined
1897,0.0,Undefined
1898,0.0,Undefined
1899,0.0,Undefined
1900,0.0,Undefined
1901,0.0,Undefined
1902,0.0,Undefined
1903,0.0,Undefined
1904,0.0,Undefined
1905,0.0,Undefined
1906,0.0,Undefined
1907,0.0,Undefined
1908,0.0,Undefined
1909,0.0,Undefined
1910,0.0,Undefined
1911,0.0,Undefined
1912,0.0,Undefined
1913,0.0,Undefined
1914,0.0,Undefined
1915,0.0,Undefined
1916,0.0,Undefined
1917,0.0,Undefined
1918,0.0,Undefined
1919,0.0,Undefined
1920,0.0,Undefined
1921,0.0,Undefined
1922,0.0,Undefined
1923,0.0,Undefined
1924,0.0,Undefined
1925,0.0,Undefined
1926,0.0,Undefined
1927,0.0,Undefined
1928,0.0,Undefined
1929,0.0,Undefined
1930,0.0,Undefined
1931,0.0,Undefined
1932,0.0,Undefined
1933,0.0,Undefined
1934,0.0,Undefined
1935,0.0,Undefined
1936,0.0,Undefined
1937,0.0,Undefined
1938,0.0,Undefined
1939,0.0,Undefined
1940,0.0,Undefined
1941,0.0,Undefined
1942,0.0,Undefined
1943,0.0,Undefined
1944,0.0,Undefined
1945,0.0,Undefined
1946,0.0,Undefined
1947,0.0,Undefined
1948,0.0,Undefined
1949,0.0,Undefined
1950,0.0,Undefined
1951,0.0,Undefined
1952,0.0,Undefined
1953,0.0,Undefined
1954,0.0,Undefined
1955,0.0,Undefined
1956,0.0,Undefined
1957,0.0,Undefined
1958,0.0,Undefined
1959,0.0,Undefined
1960,0.0,Undefined
1961,0.0,Undefined
1962,0.0,Undefined
1963,0.0,Undefined
1964,0.0,Undefined
1965,0.0,Undefined
1966,0.0,Undefined
1967,0.0,Undefined
1968,0.0,Undefined
1969,0.0,Undefined
1970,0.0,Undefined
1971,0.0,Undefined
1972,0.0,Undefined
1973,0.0,Undefined
1974,0.0,Undefined
1975,0.0,Undefined
1976,0.0,Undefined
1977,0.0,Undefined
1978,0.0,Undefined
1979,0.0,Undefined
1980,0.0,Undefined
1981,0.0,Undefined
1982,0.0,Undefined
1983,0.0,Undefined
1984,0.0,Undefined
1985,0.0,Undefined
1986,0.0,Undefined
1987,0.0,Undefined
1988,0.0,Undefined
1989,0.0,Undefined
1990,0.0,Undefined
1991,0.0,Undefined
1992,0.0,Undefined
1993,0.0,Undefined
1994,0.0,Undefined
1995,0.0,Undefined
1996,0.0,Undefined
1997,0.0,Undefined
1998,0.0,Undefined
1999,0.0,Undefined
2000,0.0,Undefined
2001,0.0,Undefined
2002,0.0,Undefined
2003,0.0,Undefined
2004,0.0,Undefined
2005,0.0,Undefined
2006,0.0,Undefined
2007,0.0,Undefined
2008,0.0,Undefined
2009,0.0,Undefined
2010,0.0,Undefined
2011,0.0,Undefined
2012,0.0,Undefined
2013,0.0,Undefined
2014,0.0,Undefined
2015,0.0,Undefined
2016,0.0,Undefined
2017,0.0,Undefined
2018,0.0,Undefined
2019,0.0,Undefined
2020,0.0,Undefined
2021,0.0,Undefined
2022,0.0,Undefined
2023,0.0,Undefined
2024,0.0,Undefined
2025,0.0,Undefined
2026,0.0,Undefined
2027,0.0,Undefined
2028,0.0,Undefined
2029,0.0,Undefined
2030,0.0,Undefined
2031,0.0,Undefined
2032,0.0,Undefined
2033,0.0,Undefined
2034,0.0,Undefined
2035,0.0,Undefined
2036,0.0,Undefined
2037,0.0,Undefined
2038,0.0,Undefined
2039,0.0,Undefined
2040,0.0,Undefined
2041,0.0,Undefined
2042,0.0,Undefined
2043,0.0,Undefined
2044,0.0,Undefined
2045,0.0,Undefined
2046,0.0,Undefined
2047,0.0,Undefined
2048,0.0,Undefined
2049,0.0,Undefined
2050,0.0,Undefined
2051,0.0,Undefined
2052,0.0,Undefined
2053,0.0,Undefined
2054,0.0,Undefined
2055,0.0,Undefined
2056,0.0,Undefined
2057,0.0,Undefined
2058,0.0,Undefined
2059,0.0,Undefined
2060,0.0,Undefined
2061,0.0,Undefined
2062,0.0,Undefined
2063,0.0,Undefined
2064,0.0,Undefined
2065,0.0,Undefined
2066,0.0,Undefined
2067,0.0,Undefined
2068,0.0,Undefined
2069,0.0,Undefined
2070,0.0,Undefined
2071,0.0,Undefined
2072,0.0,Undefined
2073,0.0,Undefined
2074,0.0,Undefined
2075,0.0,Undefined
2076,0.0,Undefined
2077,0.0,Undefined
2078,0.0,Undefined
2079,0.0,Undefined
2080,0.0,Undefined
2081,0.0,Undefined
2082,0.0,Undefined
2083,0.0,Undefined
2084,0.0,Undefined
2085,0.0,Undefined
2086,0.0,Undefined
2087,0.0,Undefined
2088,0.0,Undefined
2089,0.0,Undefined
2090,0.0,Undefined
2091,0.0,Undefined
2092,0.0,Undefined
2093,0.0,Undefined
2094,0.0,Undefined
2095,0.0,Undefined
2096,0.0,Undefined
2097,0.0,Undefined
2098,0.0,Undefined
2099,0.0,Undefined
2100,0.0,Undefined
2101,0.0,Undefined
2102,0.0,Undefined
2103,0.0,Undefined
2104,0.0,Undefined
2105,0.0,Undefined
2106,0.0,Undefined
2107,0.0,Undefined
2108,0.0,Undefined
2109,0.0,Undefined
2110,0.0,Undefined
2111,0.0,Undefined
2112,0.0,Undefined
2113,0.0,Undefined
2114,0.0,Undefined
2115,0.0,Undefined
2116,0.0,Undefined
2117,0.0,Undefined
2118,0.0,Undefined
2119,0.0,Undefined
2120,0.0,Undefined
2121,0.0,Undefined
2122,0.0,Undefined
2123,0.0,Undefined
2124,0.0,Undefined
2125,0.0,Undefined
2126,0.0,Undefined
2127,0.0,Undefined
2128,0.0,Undefined
2129,0.0,Undefined
2130,0.0,Undefined
2131,0.0,Undefined
2132,0.0,Undefined
2133,0.0,Undefined
2134,0.0,Undefined
2135,0.0,Undefined
2136,0.0,Undefined
2137,0.0,Undefined
2138,0.0,Undefined
2139,0.0,Undefined
2140,0.0,Undefined
2141,0.0,Undefined
2142,0.0,Undefined
2143,0.0,Undefined
2144,0.0,Undefined
2145,0.0,Undefined
2146,0.0,Undefined
2147,0.0,Undefined
2148,0.0,Undefined
2149,0.0,Undefined
2150,0.0,Undefined
2151,0.0,Undefined
2152,0.0,Undefined
2153,0.0,Undefined
2154,0.0,Undefined
2155,0.0,Undefined
2156,0.0,Undefined
2157,0.0,Undefined
2158,0.0,Undefined
2159,0.0,Undefined
2160,0.0,Undefined
2161,0.0,Undefined
2162,0.0,Undefined
2163,0.0,Undefined
2164,0.0,Undefined
2165,0.0,Undefined
2166,0.0,Undefined
2167,0.0,Undefined
2168,0.0,Undefined
2169,0.0,Undefined
2170,0.0,Undefined
2171,0.0,Undefined
2172,0.0,Undefined
2173,0.0,Undefined
2174,0.0,Undefined
2175,0.0,Undefined
2176,0.0,Undefined
2177,0.0,Undefined
2178,0.0,Undefined
2179,0.0,Undefined
2180,0.0,Undefined
2181,0.0,Undefined
2182,0.0,Undefined
2183,0.0,Undefined
2184,0.0,Undefined
2185,0.0,Undefined
2186,0.0,Undefined
2187,0.0,Undefined
2188,0.0,Undefined
2189,0.0,Undefined
2190,0.0,Undefined
2191,0.0,Undefined
2192,0.0,Undefined
2193,0.0,Undefined
2194,0.0,Undefined
2195,0.0,Undefined
2196,0.0,Undefined
2197,0.0,Undefined
2198,0.0,Undefined
2199,0.0,Undefined
2200,0.0,Undefined
2201,0.0,Undefined
2202,0.0,Undefined
2203,0.0,Undefined
2204,0.0,Undefined
2205,0.0,Undefined
2206,0.0,Undefined
2207,0.0,Undefined
2208,0.0,Undefined
2209,0.0,Undefined
2210,0.0,Undefined
2211,0.0,Undefined
2212,0.0,Undefined
2213,0.0,Undefined
2214,0.0,Undefined
2215,0.0,Undefined
2216,0.0,Undefined
2217,0.0,Undefined
2218,0.0,Undefined
2219,0.0,Undefined
2220,0.0,Undefined
2221,0.0,Undefined
2222,0.0,Undefined
2223,0.0,Undefined
2224,0.0,Undefined
2225,0.0,Undefined
2226,0.0,Undefined
2227,0.0,Undefined
2228,0.0,Undefined
2229,0.0,Undefined
2230,0.0,Undefined
2231,0.0,Undefined
2232,0.0,Undefined
2233,0.0,Undefined
2234,0.0,Undefined
2235,0.0,Undefined
2236,0.0,Undefined
2237,0.0,Undefined
2238,0.0,Undefined
2239,0.0,Undefined
2240,0.0,Undefined
2241,0.0,Undefined
2242,0.0,Undefined
2243,0.0,Undefined
2244,0.0,Undefined
2245,0.0,Undefined
2246,0.0,Undefined
2247,0.0,Undefined
2248,0.0,Undefined
2249,0.0,Undefined
2250,0.0,Undefined
2251,0.0,Undefined
2252,0.0,Undefined
2253,0.0,Undefined
2254,0.0,Undefined
2255,0.0,Undefined
2256,0.0,Undefined
2257,0.0,Undefined
2258,0.0,Undefined
2259,0.0,Undefined
2260,0.0,Undefined
2261,0.0,Undefined
2262,0.0,Undefined
2263,0.0,Undefined
2264,0.0,Undefined
2265,0.0,Undefined
2266,0.0,Undefined
2267,0.0,Undefined
2268,0.0,Undefined
2269,0.0,Undefined
2270,0.0,Undefined
2271,0.0,Undefined
2272,0.0,Undefined
2273,0.0,Undefined
2274,0.0,Undefined
2275,0.0,Undefined
2276,0.0,Undefined
2277,0.0,Undefined
2278,0.0,Undefined
2279,0.0,Undefined
2280,0.0,Undefined
2281,0.0,Undefined
2282,0.0,Undefined
2283,0.0,Undefined
2284,0.0,Undefined
2285,0.0,Undefined
2286,0.0,Undefined
2287,0.0,Undefined
2288,0.0,Undefined
2289,0.0,Undefined
2290,0.0,Undefined
2291,0.0,Undefined
2292,0.0,Undefined
2293,0.0,Undefined
2294,0.0,Undefined
2295,0.0,Undefined
2296,0.0,Undefined
2297,0.0,Undefined
2298,0.0,Undefined
2299,0.0,Undefined
2300,0.0,Undefined
2301,0.0,Undefined
2302,0.0,Undefined
2303,0.0,Undefined
2304,0.0,Undefined
2305,0.0,Undefined
2306,0.0,Undefined
2307,0.0,Undefined
2308,0.0,Undefined
2309,0.0,Undefined
2310,0.0,Undefined
2311,0.0,Undefined
2312,0.0,Undefined
2313,0.0,Undefined
2314,0.0,Undefined
2315,0.0,Undefined
2316,0.0,Undefined
2317,0.0,Undefined
2318,0.0,Undefined
2319,0.0,Undefined
2320,0.0,Undefined
2321,0.0,Undefined
2322,0.0,Undefined
2323,0.0,Undefined
2324,0.0,Undefined
2325,0.0,Undefined
2326,0.0,Undefined
2327,0.0,Undefined
2328,0.0,Undefined
2329,0.0,Undefined
2330,0.0,Undefined
2331,0.0,Undefined
2332,0.0,Undefined
2333,0.0,Undefined
2334,0.0,Undefined
2335,0.0,Undefined
2336,0.0,Undefined
2337,0.0,Undefined
2338,0.0,Undefined
2339,0.0,Undefined
2340,0.0,Undefined
2341,0.0,Undefined
2342,0.0,Undefined
2343,0.0,Undefined
2344,0.0,Undefined
2345,0.0,Undefined
2346,0.0,Undefined
2347,0.0,Undefined
2348,0.0,Undefined
2349,0.0,Undefined
2350,0.0,Undefined
2351,0.0,Undefined
2352,0.0,Undefined
2353,0.0,Undefined
2354,0.0,Undefined
2355,0.0,Undefined
2356,0.0,Undefined
2357,0.0,Undefined
2358,0.0,Undefined
2359,0.0,Undefined
2360,0.0,Undefined
2361,0.0,Undefined
2362,0.0,Undefined
2363,0.0,Undefined
2364,0.0,Undefined
2365,0.0,Undefined
2366,0.0,Undefined
2367,0.0,Undefined
2368,0.0,Undefined
2369,0.0,Undefined
2370,0.0,Undefined
2371,0.0,Undefined
2372,0.0,Undefined
2373,0.0,Undefined
2374,0.0,Undefined
2375,0.0,Undefined
2376,0.0,Undefined
2377,0.0,Undefined
2378,0.0,Undefined
2379,0.0,Undefined
2380,0.0,Undefined
2381,0.0,Undefined
2382,0.0,Undefined
2383,0.0,Undefined
2384,0.0,Undefined
2385,0.0,Undefined
2386,0.0,Undefined
2387,0.0,Undefined
2388,0.0,Undefined
2389,0.0,Undefined
2390,0.0,Undefined
2391,0.0,Undefined
2392,0.0,Undefined
2393,0.0,Undefined
2394,0.0,Undefined
2395,0.0,Undefined
2396,0.0,Undefined
2397,0.0,Undefined
2398,0.0,Undefined
2399,0.0,Undefined
2400,0.0,Undefined
2401,0.0,Undefined
2402,0.0,Undefined
2403,0.0,Undefined
2404,0.0,Undefined
2405,0.0,Undefined
2406,0.0,Undefined
2407,0.0,Undefined
2408,0.0,Undefined
2409,0.0,Undefined
2410,0.0,Undefined
2411,0.0,Undefined
2412,0.0,Undefined
2413,0.0,Undefined
2414,0.0,Undefined
2415,0.0,Undefined
2416,0.0,Undefined
2417,0.0,Undefined
2418,0.0,Undefined
2419,0.0,Undefined
2420,0.0,Undefined
2421,0.0,Undefined
2422,0.0,Undefined
2423,0.0,Undefined
2424,0.0,Undefined
2425,0.0,Undefined
2426,0.0,Undefined
2427,0.0,Undefined
2428,0.0,Undefined
2429,0.0,Undefined
2430,0.0,Undefined
2431,0.0,Undefined
2432,0.0,Undefined
2433,0.0,Undefined
2434,0.0,Undefined
2435,0.0,Undefined
2436,0.0,Undefined
2437,0.0,Undefined
2438,0.0,Undefined
2439,0.0,Undefined
2440,0.0,Undefined
2441,0.0,Undefined
2442,0.0,Undefined
2443,0.0,Undefined
2444,0.0,Undefined
2445,0.0,Undefined
2446,0.0,Undefined
2447,0.0,Undefined
2448,0.0,Undefined
2449,0.0,Undefined
2450,0.0,Undefined
2451,0.0,Undefined
2452,0.0,Undefined
2453,0.0,Undefined
2454,0.0,Undefined
2455,0.0,Undefined
2456,0.0,Undefined
2457,0.0,Undefined
2458,0.0,Undefined
2459,0.0,Undefined
2460,0.0,Undefined
2461,0.0,Undefined
2462,0.0,Undefined
2463,0.0,Undefined
2464,0.0,Undefined
2465,0.0,Undefined
2466,0.0,Undefined
2467,0.0,Undefined
2468,0.0,Undefined
2469,0.0,Undefined
2470,0.0,Undefined
2471,0.0,Undefined
2472,0.0,Undefined
2473,0.0,Undefined
2474,0.0,Undefined
2475,0.0,Undefined
2476,0.0,Undefined
2477,0.0,Undefined
2478,0.0,Undefined
2479,0.0,Undefined
2480,0.0,Undefined
2481,0.0,Undefined
2482,0.0,Undefined
2483,0.0,Undefined
2484,0.0,Undefined
2485,0.0,Undefined
2486,0.0,Undefined
2487,0.0,Undefined
2488,0.0,Undefined
2489,0.0,Undefined
2490,0.0,Undefined
2491,0.0,Undefined
2492,0.0,Undefined
2493,0.0,Undefined
2494,0.0,Undefined
2495,0.0,Undefined
2496,0.0,Undefined
2497,0.0,Undefined
2498,0.0,Undefined
2499,0.0,Undefined
2500,0.0,Undefined
2501,0.0,Undefined
2502,0.0,Undefined
2503,0.0,Undefined
2504,0.0,Undefined
2505,0.0,Undefined
2506,0.0,Undefined
2507,0.0,Undefined
2508,0.0,Undefined
2509,0.0,Undefined
2510,0.0,Undefined
2511,0.0,Undefined
2512,0.0,Undefined
2513,0.0,Undefined
2514,0.0,Undefined
2515,0.0,Undefined
2516,0.0,Undefined
2517,0.0,Undefined
2518,0.0,Undefined
2519,0.0,Undefined
2520,0.0,Undefined
2521,0.0,Undefined
2522,0.0,Undefined
2523,0.0,Undefined
2524,0.0,Undefined
2525,0.0,Undefined
2526,0.0,Undefined
2527,0.0,Undefined
2528,0.0,Undefined
2529,0.0,Undefined
2530,0.0,Undefined
2531,0.0,Undefined
2532,0.0,Undefined
2533,0.0,Undefined
2534,0.0,Undefined
2535,0.0,Undefined
2536,0.0,Undefined
2537,0.0,Undefined
2538,0.0,Undefined
2539,0.0,Undefined
2540,0.0,Undefined
2541,0.0,Undefined
2542,0.0,Undefined
2543,0.0,Undefined
2544,0.0,Undefined
2545,0.0,Undefined
2546,0.0,Undefined
2547,0.0,Undefined
2548,0.0,Undefined
2549,0.0,Undefined
2550,0.0,Undefined
2551,0.0,Undefined
2552,0.0,Undefined
2553,0.0,Undefined
2554,0.0,Undefined
2555,0.0,Undefined
2556,0.0,Undefined
2557,0.0,Undefined
2558,0.0,Undefined
2559,0.0,Undefined
2560,0.0,Undefined
2561,0.0,Undefined
2562,0.0,Undefined
2563,0.0,Undefined
2564,0.0,Undefined
2565,0.0,Undefined
2566,0.0,Undefined
2567,0.0,Undefined
2568,0.0,Undefined
2569,0.0,Undefined
2570,0.0,Undefined
2571,0.0,Undefined
2572,0.0,Undefined
2573,0.0,Undefined
2574,0.0,Undefined
2575,0.0,Undefined
2576,0.0,Undefined
2577,0.0,Undefined
2578,0.0,Undefined
2579,0.0,Undefined
2580,0.0,Undefined
2581,0.0,Undefined
2582,0.0,Undefined
2583,0.0,Undefined
2584,0.0,Undefined
2585,0.0,Undefined
2586,0.0,Undefined
2587,0.0,Undefined
2588,0.0,Undefined
2589,0.0,Undefined
2590,0.0,Undefined
2591,0.0,Undefined
2592,0.0,Undefined
2593,0.0,Undefined
2594,0.0,Undefined
2595,0.0,Undefined
2596,0.0,Undefined
2597,0.0,Undefined
2598,0.0,Undefined
2599,0.0,Undefined
2600,0.0,Undefined
2601,0.0,Undefined
2602,0.0,Undefined
2603,0.0,Undefined
2604,0.0,Undefined
2605,0.0,Undefined
2606,0.0,Undefined
2607,0.0,Undefined
2608,0.0,Undefined
2609,0.0,Undefined
2610,0.0,Undefined
2611,0.0,Undefined
2612,0.0,Undefined
2613,0.0,Undefined
2614,0.0,Undefined
2615,0.0,Undefined
2616,0.0,Undefined
2617,0.0,Undefined
2618,0.0,Undefined
2619,0.0,Undefined
2620,0.0,Undefined
2621,0.0,Undefined
2622,0.0,Undefined
2623,0.0,Undefined
2624,0.0,Undefined
2625,0.0,Undefined
2626,0.0,Undefined
2627,0.0,Undefined
2628,0.0,Undefined
2629,0.0,Undefined
2630,0.0,Undefined
2631,0.0,Undefined
2632,0.0,Undefined
2633,0.0,Undefined
2634,0.0,Undefined
2635,0.0,Undefined
2636,0.0,Undefined
2637,0.0,Undefined
2638,0.0,Undefined
2639,0.0,Undefined
2640,0.0,Undefined
2641,0.0,Undefined
2642,0.0,Undefined
2643,0.0,Undefined
2644,0.0,Undefined
2645,0.0,Undefined
2646,0.0,Undefined
2647,0.0,Undefined
2648,0.0,Undefined
2649,0.0,Undefined
2650,0.0,Undefined
2651,0.0,Undefined
2652,0.0,Undefined
2653,0.0,Undefined
2654,0.0,Undefined
2655,0.0,Undefined
2656,0.0,Undefined
2657,0.0,Undefined
2658,0.0,Undefined
2659,0.0,Undefined
2660,0.0,Undefined
2661,0.0,Undefined
2662,0.0,Undefined
2663,0.0,Undefined
2664,0.0,Undefined
2665,0.0,Undefined
2666,0.0,Undefined
2667,0.0,Undefined
2668,0.0,Undefined
2669,0.0,Undefined
2670,0.0,Undefined
2671,0.0,Undefined
2672,0.0,Undefined
2673,0.0,Undefined
2674,0.0,Undefined
2675,0.0,Undefined
2676,0.0,Undefined
2677,0.0,Undefined
2678,0.0,Undefined
2679,0.0,Undefined
2680,0.0,Undefined
2681,0.0,Undefined
2682,0.0,Undefined
2683,0.0,Undefined
2684,0.0,Undefined
2685,0.0,Undefined
2686,0.0,Undefined
2687,0.0,Undefined
2688,0.0,Undefined
2689,0.0,Undefined
2690,0.0,Undefined
2691,0.0,Undefined
2692,0.0,Undefined
2693,0.0,Undefined
2694,0.0,Undefined
2695,0.0,Undefined
2696,0.0,Undefined
2697,0.0,Undefined
2698,0.0,Undefined
2699,0.0,Undefined
2700,0.0,Undefined
2701,0.0,Undefined
2702,0.0,Undefined
2703,0.0,Undefined
2704,0.0,Undefined
2705,0.0,Undefined
2706,0.0,Undefined
2707,0.0,Undefined
2708,0.0,Undefined
2709,0.0,Undefined
2710,0.0,Undefined
2711,0.0,Undefined
2712,0.0,Undefined
2713,0.0,Undefined
2714,0.0,Undefined
2715,0.0,Undefined
2716,0.0,Undefined
2717,0.0,Undefined
2718,0.0,Undefined
2719,0.0,Undefined
2720,0.0,Undefined
2721,0.0,Undefined
2722,0.0,Undefined
2723,0.0,Undefined
2724,0.0,Undefined
2725,0.0,Undefined
2726,0.0,Undefined
2727,0.0,Undefined
2728,0.0,Undefined
2729,0.0,Undefined
2730,0.0,Undefined
2731,0.0,Undefined
2732,0.0,Undefined
2733,0.0,Undefined
2734,0.0,Undefined
2735,0.0,Undefined
2736,0.0,Undefined
2737,0.0,Undefined
2738,0.0,Undefined
2739,0.0,Undefined
2740,0.0,Undefined
2741,0.0,Undefined
2742,0.0,Undefined
2743,0.0,Undefined
2744,0.0,Undefined
2745,0.0,Undefined
2746,0.0,Undefined
2747,0.0,Undefined
2748,0.0,Undefined
2749,0.0,Undefined
2750,0.0,Undefined
2751,0.0,Undefined
2752,0.0,Undefined
2753,0.0,Undefined
2754,0.0,Undefined
2755,0.0,Undefined
2756,0.0,Undefined
2757,0.0,Undefined
2758,0.0,Undefined
2759,0.0,Undefined
2760,0.0,Undefined
2761,0.0,Undefined
2762,0.0,Undefined
2763,0.0,Undefined
2764,0.0,Undefined
2765,0.0,Undefined
2766,0.0,Undefined
2767,0.0,Undefined
2768,0.0,Undefined
2769,0.0,Undefined
2770,0.0,Undefined
2771,0.0,Undefined
2772,0.0,Undefined
2773,0.0,Undefined
2774,0.0,Undefined
2775,0.0,Undefined
2776,0.0,Undefined
2777,0.0,Undefined
2778,0.0,Undefined
2779,0.0,Undefined
2780,0.0,Undefined
2781,0.0,Undefined
2782,0.0,Undefined
2783,0.0,Undefined
2784,0.0,Undefined
2785,0.0,Undefined
2786,0.0,Undefined
2787,0.0,Undefined
2788,0.0,Undefined
2789,0.0,Undefined
2790,0.0,Undefined
2791,0.0,Undefined
2792,0.0,Undefined
2793,0.0,Undefined
2794,0.0,Undefined
2795,0.0,Undefined
2796,0.0,Undefined
2797,0.0,Undefined
2798,0.0,Undefined
2799,0.0,Undefined
2800,0.0,Undefined
2801,0.0,Undefined
2802,0.0,Undefined
2803,0.0,Undefined
2804,0.0,Undefined
2805,0.0,Undefined
2806,0.0,Undefined
2807,0.0,Undefined
2808,0.0,Undefined
2809,0.0,Undefined
2810,0.0,Undefined
2811,0.0,Undefined
2812,0.0,Undefined
2813,0.0,Undefined
2814,0.0,Undefined
2815,0.0,Undefined
2816,0.0,Undefined
2817,0.0,Undefined
2818,0.0,Undefined
2819,0.0,Undefined
2820,0.0,Undefined
2821,0.0,Undefined
2822,0.0,Undefined
2823,0.0,Undefined
2824,0.0,Undefined
2825,0.0,Undefined
2826,0.0,Undefined
2827,0.0,Undefined
2828,0.0,Undefined
2829,0.0,Undefined
2830,0.0,Undefined
2831,0.0,Undefined
2832,0.0,Undefined
2833,0.0,Undefined
2834,0.0,Undefined
2835,0.0,Undefined
2836,0.0,Undefined
2837,0.0,Undefined
2838,0.0,Undefined
2839,0.0,Undefined
2840,0.0,Undefined
2841,0.0,Undefined
2842,0.0,Undefined
2843,0.0,Undefined
2844,0.0,Undefined
2845,0.0,Undefined
2846,0.0,Undefined
2847,0.0,Undefined
2848,0.0,Undefined
2849,0.0,Undefined
2850,0.0,Undefined
2851,0.0,Undefined
2852,0.0,Undefined
2853,0.0,Undefined
2854,0.0,Undefined
2855,0.0,Undefined
2856,0.0,Undefined
2857,0.0,Undefined
2858,0.0,Undefined
2859,0.0,Undefined
2860,0.0,Undefined
2861,0.0,Undefined
2862,0.0,Undefined
2863,0.0,Undefined
2864,0.0,Undefined
2865,0.0,Undefined
2866,0.0,Undefined
2867,0.0,Undefined
2868,0.0,Undefined
2869,0.0,Undefined
2870,0.0,Undefined
2871,0.0,Undefined
2872,0.0,Undefined
2873,0.0,Undefined
2874,0.0,Undefined
2875,0.0,Undefined
2876,0.0,Undefined
2877,0.0,Undefined
2878,0.0,Undefined
2879,0.0,Undefined
2880,0.0,Undefined
2881,0.0,Undefined
2882,0.0,Undefined
2883,0.0,Undefined
2884,0.0,Undefined
2885,0.0,Undefined
2886,0.0,Undefined
2887,0.0,Undefined
2888,0.0,Undefined
2889,0.0,Undefined
2890,0.0,Undefined
2891,0.0,Undefined
2892,0.0,Undefined
2893,0.0,Undefined
2894,0.0,Undefined
2895,0.0,Undefined
2896,0.0,Undefined
2897,0.0,Undefined
2898,0.0,Undefined
2899,0.0,Undefined
2900,0.0,Undefined
2901,0.0,Undefined
2902,0.0,Undefined
2903,0.0,Undefined
2904,0.0,Undefined
2905,0.0,Undefined
2906,0.0,Undefined
2907,0.0,Undefined
2908,0.0,Undefined
2909,0.0,Undefined
2910,0.0,Undefined
2911,0.0,Undefined
2912,0.0,Undefined
2913,0.0,Undefined
2914,0.0,Undefined
2915,0.0,Undefined
2916,0.0,Undefined
2917,0.0,Undefined
2918,0.0,Undefined
2919,0.0,Undefined
2920,0.0,Undefined
2921,0.0,Undefined
2922,0.0,Undefined
2923,0.0,Undefined
2924,0.0,Undefined
2925,0.0,Undefined
2926,0.0,Undefined
2927,0.0,Undefined
2928,0.0,Undefined
2929,0.0,Undefined
2930,0.0,Undefined
2931,0.0,Undefined
2932,0.0,Undefined
2933,0.0,Undefined
2934,0.0,Undefined
2935,0.0,Undefined
2936,0.0,Undefined
2937,0.0,Undefined
2938,0.0,Undefined
2939,0.0,Undefined
2940,0.0,Undefined
2941,0.0,Undefined
2942,0.0,Undefined
2943,0.0,Undefined
2944,0.0,Undefined
2945,0.0,Undefined
2946,0.0,Undefined
2947,0.0,Undefined
2948,0.0,Undefined
2949,0.0,Undefined
2950,0.0,Undefined
2951,0.0,Undefined
2952,0.0,Undefined
2953,0.0,Undefined
2954,0.0,Undefined
2955,0.0,Undefined
2956,0.0,Undefined
2957,0.0,Undefined
2958,0.0,Undefined
2959,0.0,Undefined
2960,0.0,Undefined
2961,0.0,Undefined
2962,0.0,Undefined
2963,0.0,Undefined
2964,0.0,Undefined
2965,0.0,Undefined
2966,0.0,Undefined
2967,0.0,Undefined
2968,0.0,Undefined
2969,0.0,Undefined
2970,0.0,Undefined
2971,0.0,Undefined
2972,0.0,Undefined
2973,0.0,Undefined
2974,0.0,Undefined
2975,0.0,Undefined
2976,0.0,Undefined
2977,0.0,Undefined
2978,0.0,Undefined
2979,0.0,Undefined
2980,0.0,Undefined
2981,0.0,Undefined
2982,0.0,Undefined
2983,0.0,Undefined
2984,0.0,Undefined
2985,0.0,Undefined
2986,0.0,Undefined
2987,0.0,Undefined
2988,0.0,Undefined
2989,0.0,Undefined
2990,0.0,Undefined
2991,0.0,Undefined
2992,0.0,Undefined
2993,0.0,Undefined
2994,0.0,Undefined
2995,0.0,Undefined
2996,0.0,Undefined
2997,0.0,Undefined
2998,0.0,Undefined
2999,0.0,Undefined
3000,0.0,Undefined
3001,0.0,Undefined
3002,0.0,Undefined
3003,0.0,Undefined
3004,0.0,Undefined
3005,0.0,Undefined
3006,0.0,Undefined
3007,0.0,Undefined
3008,0.0,Undefined
3009,0.0,Undefined
3010,0.0,Undefined
3011,0.0,Undefined
3012,0.0,Undefined
3013,0.0,Undefined
3014,0.0,Undefined
3015,0.0,Undefined
3016,0.0,Undefined
3017,0.0,Undefined
3018,0.0,Undefined
3019,0.0,Undefined
3020,0.0,Undefined
3021,0.0,Undefined
3022,0.0,Undefined
3023,0.0,Undefined
3024,0.0,Undefined
3025,0.0,Undefined
3026,0.0,Undefined
3027,0.0,Undefined
3028,0.0,Undefined
3029,0.0,Undefined
3030,0.0,Undefined
3031,0.0,Undefined
3032,0.0,Undefined
3033,0.0,Undefined
3034,0.0,Undefined
3035,0.0,Undefined
3036,0.0,Undefined
3037,0.0,Undefined
3038,0.0,Undefined
3039,0.0,Undefined
3040,0.0,Undefined
3041,0.0,Undefined
3042,0.0,Undefined
3043,0.0,Undefined
3044,0.0,Undefined
3045,0.0,Undefined
3046,0.0,Undefined
3047,0.0,Undefined
3048,0.0,Undefined
3049,0.0,Undefined
3050,0.0,Undefined
3051,0.0,Undefined
3052,0.0,Undefined
3053,0.0,Undefined
3054,0.0,Undefined
3055,0.0,Undefined
3056,0.0,Undefined
3057,0.0,Undefined
3058,0.0,Undefined
3059,0.0,Undefined
3060,0.0,Undefined
3061,0.0,Undefined
3062,0.0,Undefined
3063,0.0,Undefined
3064,0.0,Undefined
3065,0.0,Undefined
3066,0.0,Undefined
3067,0.0,Undefined
3068,0.0,Undefined
3069,0.0,Undefined
3070,0.0,Undefined
3071,0.0,Undefined
3072,0.0,Undefined
3073,0.0,Undefined
3074,0.0,Undefined
3075,0.0,Undefined
3076,0.0,Undefined
3077,0.0,Undefined
3078,0.0,Undefined
3079,0.0,Undefined
3080,0.0,Undefined
3081,0.0,Undefined
3082,0.0,Undefined
3083,0.0,Undefined
3084,0.0,Undefined
3085,0.0,Undefined
3086,0.0,Undefined
3087,0.0,Undefined
3088,0.0,Undefined
3089,0.0,Undefined
3090,0.0,Undefined
3091,0.0,Undefined
3092,0.0,Undefined
3093,0.0,Undefined
3094,0.0,Undefined
3095,0.0,Undefined
3096,0.0,Undefined
3097,0.0,Undefined
3098,0.0,Undefined
3099,0.0,Undefined
3100,0.0,Undefined
3101,0.0,Undefined
3102,0.0,Undefined
3103,0.0,Undefined
3104,0.0,Undefined
3105,0.0,Undefined
3106,0.0,Undefined
3107,0.0,Undefined
3108,0.0,Undefined
3109,0.0,Undefined
3110,0.0,Undefined
3111,0.0,Undefined
3112,0.0,Undefined
3113,0.0,Undefined
3114,0.0,Undefined
3115,0.0,Undefined
3116,0.0,Undefined
3117,0.0,Undefined
3118,0.0,Undefined
3119,0.0,Undefined
3120,0.0,Undefined
3121,0.0,Undefined
3122,0.0,Undefined
3123,0.0,Undefined
3124,0.0,Undefined
3125,0.0,Undefined
3126,0.0,Undefined
3127,0.0,Undefined
3128,0.0,Undefined
3129,0.0,Undefined
3130,0.0,Undefined
3131,0.0,Undefined
3132,0.0,Undefined
3133,0.0,Undefined
3134,0.0,Undefined
3135,0.0,Undefined
3136,0.0,Undefined
3137,0.0,Undefined
3138,0.0,Undefined
3139,0.0,Undefined
3140,0.0,Undefined
3141,0.0,Undefined
3142,0.0,Undefined
3143,0.0,Undefined
3144,0.0,Undefined
3145,0.0,Undefined
3146,0.0,Undefined
3147,0.0,Undefined
3148,0.0,Undefined
3149,0.0,Undefined
3150,0.0,Undefined
3151,0.0,Undefined
3152,0.0,Undefined
3153,0.0,Undefined
3154,0.0,Undefined
3155,0.0,Undefined
3156,0.0,Undefined
3157,0.0,Undefined
3158,0.0,Undefined
3159,0.0,Undefined
3160,0.0,Undefined
3161,0.0,Undefined
3162,0.0,Undefined
3163,0.0,Undefined
3164,0.0,Undefined
3165,0.0,Undefined
3166,0.0,Undefined
3167,0.0,Undefined
3168,0.0,Undefined
3169,0.0,Undefined
3170,0.0,Undefined
3171,0.0,Undefined
3172,0.0,Undefined
3173,0.0,Undefined
3174,0.0,Undefined
3175,0.0,Undefined
3176,0.0,Undefined
3177,0.0,Undefined
3178,0.0,Undefined
3179,0.0,Undefined
3180,0.0,Undefined
3181,0.0,Undefined
3182,0.0,Undefined
3183,0.0,Undefined
3184,0.0,Undefined
3185,0.0,Undefined
3186,0.0,Undefined
3187,0.0,Undefined
3188,0.0,Undefined
3189,0.0,Undefined
3190,0.0,Undefined
3191,0.0,Undefined
3192,0.0,Undefined
3193,0.0,Undefined
3194,0.0,Undefined
3195,0.0,Undefined
3196,0.0,Undefined
3197,0.0,Undefined
3198,0.0,Undefined
3199,0.0,Undefined
3200,0.0,Undefined
3201,0.0,Undefined
3202,0.0,Undefined
3203,0.0,Undefined
3204,0.0,Undefined
3205,0.0,Undefined
3206,0.0,Undefined
3207,0.0,Undefined
3208,0.0,Undefined
3209,0.0,Undefined
3210,0.0,Undefined
3211,0.0,Undefined
3212,0.0,Undefined
3213,0.0,Undefined
3214,0.0,Undefined
3215,0.0,Undefined
3216,0.0,Undefined
3217,0.0,Undefined
3218,0.0,Undefined
3219,0.0,Undefined
3220,0.0,Undefined
3221,0.0,Undefined
3222,0.0,Undefined
3223,0.0,Undefined
3224,0.0,Undefined
3225,0.0,Undefined
3226,0.0,Undefined
3227,0.0,Undefined
3228,0.0,Undefined
3229,0.0,Undefined
3230,0.0,Undefined
3231,0.0,Undefined
3232,0.0,Undefined
3233,0.0,Undefined
3234,0.0,Undefined
3235,0.0,Undefined
3236,0.0,Undefined
3237,0.0,Undefined
3238,0.0,Undefined
3239,0.0,Undefined
3240,0.0,Undefined
3241,0.0,Undefined
3242,0.0,Undefined
3243,0.0,Undefined
3244,0.0,Undefined
3245,0.0,Undefined
3246,0.0,Undefined
3247,0.0,Undefined
3248,0.0,Undefined
3249,0.0,Undefined
3250,0.0,Undefined
3251,0.0,Undefined
3252,0.0,Undefined
3253,0.0,Undefined
3254,0.0,Undefined
3255,0.0,Undefined
3256,0.0,Undefined
3257,0.0,Undefined
3258,0.0,Undefined
3259,0.0,Undefined
3260,0.0,Undefined
3261,0.0,Undefined
3262,0.0,Undefined
3263,0.0,Undefined
3264,0.0,Undefined
3265,0.0,Undefined
3266,0.0,Undefined
3267,0.0,Undefined
3268,0.0,Undefined
3269,0.0,Undefined
3270,0.0,Undefined
3271,0.0,Undefined
3272,0.0,Undefined
3273,0.0,Undefined
3274,0.0,Undefined
3275,0.0,Undefined
3276,0.0,Undefined
3277,0.0,Undefined
3278,0.0,Undefined
3279,0.0,Undefined
3280,0.0,Undefined
3281,0.0,Undefined
3282,0.0,Undefined
3283,0.0,Undefined
3284,0.0,Undefined
3285,0.0,Undefined
3286,0.0,Undefined
3287,0.0,Undefined
3288,0.0,Undefined
3289,0.0,Undefined
3290,0.0,Undefined
3291,0.0,Undefined
3292,0.0,Undefined
3293,0.0,Undefined
3294,0.0,Undefined
3295,0.0,Undefined
3296,0.0,Undefined
3297,0.0,Undefined
3298,0.0,Undefined
3299,0.0,Undefined
3300,0.0,Undefined
3301,0.0,Undefined
3302,0.0,Undefined
3303,0.0,Undefined
3304,0.0,Undefined
3305,0.0,Undefined
3306,0.0,Undefined
3307,0.0,Undefined
3308,0.0,Undefined
3309,0.0,Undefined
3310,0.0,Undefined
3311,0.0,Undefined
3312,0.0,Undefined
3313,0.0,Undefined
3314,0.0,Undefined
3315,0.0,Undefined
3316,0.0,Undefined
3317,0.0,Undefined
3318,0.0,Undefined
3319,0.0,Undefined
3320,0.0,Undefined
3321,0.0,Undefined
3322,0.0,Undefined
3323,0.0,Undefined
3324,0.0,Undefined
3325,0.0,Undefined
3326,0.0,Undefined
3327,0.0,Undefined
3328,0.0,Undefined
3329,0.0,Undefined
3330,0.0,Undefined
3331,0.0,Undefined
3332,0.0,Undefined
3333,0.0,Undefined
3334,0.0,Undefined
3335,0.0,Undefined
3336,0.0,Undefined
3337,0.0,Undefined
3338,0.0,Undefined
3339,0.0,Undefined
3340,0.0,Undefined
3341,0.0,Undefined
3342,0.0,Undefined
3343,0.0,Undefined
3344,0.0,Undefined
3345,0.0,Undefined
3346,0.0,Undefined
3347,0.0,Undefined
3348,0.0,Undefined
3349,0.0,Undefined
3350,0.0,Undefined
3351,0.0,Undefined
3352,0.0,Undefined
3353,0.0,Undefined
3354,0.0,Undefined
3355,0.0,Undefined
3356,0.0,Undefined
3357,0.0,Undefined
3358,0.0,Undefined
3359,0.0,Undefined
3360,0.0,Undefined
3361,0.0,Undefined
3362,0.0,Undefined
3363,0.0,Undefined
3364,0.0,Undefined
3365,0.0,Undefined
3366,0.0,Undefined
3367,0.0,Undefined
3368,0.0,Undefined
3369,0.0,Undefined
3370,0.0,Undefined
3371,0.0,Undefined
3372,0.0,Undefined
3373,0.0,Undefined
3374,0.0,Undefined
3375,0.0,Undefined
3376,0.0,Undefined
3377,0.0,Undefined
3378,0.0,Undefined
3379,0.0,Undefined
3380,0.0,Undefined
3381,0.0,Undefined
3382,0.0,Undefined
3383,0.0,Undefined
3384,0.0,Undefined
3385,0.0,Undefined
3386,0.0,Undefined
3387,0.0,Undefined
3388,0.0,Undefined
3389,0.0,Undefined
3390,0.0,Undefined
3391,0.0,Undefined
3392,0.0,Undefined
3393,0.0,Undefined
3394,0.0,Undefined
3395,0.0,Undefined
3396,0.0,Undefined
3397,0.0,Undefined
3398,0.0,Undefined
3399,0.0,Undefined
3400,0.0,Undefined
3401,0.0,Undefined
3402,0.0,Undefined
3403,0.0,Undefined
3404,0.0,Undefined
3405,0.0,Undefined
3406,0.0,Undefined
3407,0.0,Undefined
3408,0.0,Undefined
3409,0.0,Undefined
3410,0.0,Undefined
3411,0.0,Undefined
3412,0.0,Undefined
3413,0.0,Undefined
3414,0.0,Undefined
3415,0.0,Undefined
3416,0.0,Undefined
3417,0.0,Undefined
3418,0.0,Undefined
3419,0.0,Undefined
3420,0.0,Undefined
3421,0.0,Undefined
3422,0.0,Undefined
3423,0.0,Undefined
3424,0.0,Undefined
3425,0.0,Undefined
3426,0.0,Undefined
3427,0.0,Undefined
3428,0.0,Undefined
3429,0.0,Undefined
3430,0.0,Undefined
3431,0.0,Undefined
3432,0.0,Undefined
3433,0.0,Undefined
3434,0.0,Undefined
3435,0.0,Undefined
3436,0.0,Undefined
3437,0.0,Undefined
3438,0.0,Undefined
3439,0.0,Undefined
3440,0.0,Undefined
3441,0.0,Undefined
3442,0.0,Undefined
3443,0.0,Undefined
3444,0.0,Undefined
3445,0.0,Undefined
3446,0.0,Undefined
3447,0.0,Undefined
3448,0.0,Undefined
3449,0.0,Undefined
3450,0.0,Undefined
3451,0.0,Undefined
3452,0.0,Undefined
3453,0.0,Undefined
3454,0.0,Undefined
3455,0.0,Undefined
3456,0.0,Undefined
3457,0.0,Undefined
3458,0.0,Undefined
3459,0.0,Undefined
3460,0.0,Undefined
3461,0.0,Undefined
3462,0.0,Undefined
3463,0.0,Undefined
3464,0.0,Undefined
3465,0.0,Undefined
3466,0.0,Undefined
3467,0.0,Undefined
3468,0.0,Undefined
3469,0.0,Undefined
3470,0.0,Undefined
3471,0.0,Undefined
3472,0.0,Undefined
3473,0.0,Undefined
3474,0.0,Undefined
3475,0.0,Undefined
3476,0.0,Undefined
3477,0.0,Undefined
3478,0.0,Undefined
3479,0.0,Undefined
3480,0.0,Undefined
3481,0.0,Undefined
3482,0.0,Undefined
3483,0.0,Undefined
3484,0.0,Undefined
3485,0.0,Undefined
3486,0.0,Undefined
3487,0.0,Undefined
3488,0.0,Undefined
3489,0.0,Undefined
3490,0.0,Undefined
3491,0.0,Undefined
3492,0.0,Undefined
3493,0.0,Undefined
3494,0.0,Undefined
3495,0.0,Undefined
3496,0.0,Undefined
3497,0.0,Undefined
3498,0.0,Undefined
3499,0.0,Undefined
3500,0.0,Undefined
3501,0.0,Undefined
3502,0.0,Undefined
3503,0.0,Undefined
3504,0.0,Undefined
3505,0.0,Undefined
3506,0.0,Undefined
3507,0.0,Undefined
3508,0.0,Undefined
3509,0.0,Undefined
3510,0.0,Undefined
3511,0.0,Undefined
3512,0.0,Undefined
3513,0.0,Undefined
3514,0.0,Undefined
3515,0.0,Undefined
3516,0.0,Undefined
3517,0.0,Undefined
3518,0.0,Undefined
3519,0.0,Undefined
3520,0.0,Undefined
3521,0.0,Undefined
3522,0.0,Undefined
3523,0.0,Undefined
3524,0.0,Undefined
3525,0.0,Undefined
3526,0.0,Undefined
3527,0.0,Undefined
3528,0.0,Undefined
3529,0.0,Undefined
3530,0.0,Undefined
3531,0.0,Undefined
3532,0.0,Undefined
3533,0.0,Undefined
3534,0.0,Undefined
3535,0.0,Undefined
3536,0.0,Undefined
3537,0.0,Undefined
3538,0.0,Undefined
3539,0.0,Undefined
3540,0.0,Undefined
3541,0.0,Undefined
3542,0.0,Undefined
3543,0.0,Undefined
3544,0.0,Undefined
3545,0.0,Undefined
3546,0.0,Undefined
3547,0.0,Undefined
3548,0.0,Undefined
3549,0.0,Undefined
3550,0.0,Undefined
3551,0.0,Undefined
3552,0.0,Undefined
3553,0.0,Undefined
3554,0.0,Undefined
3555,0.0,Undefined
3556,0.0,Undefined
3557,0.0,Undefined
3558,0.0,Undefined
3559,0.0,Undefined
3560,0.0,Undefined
3561,0.0,Undefined
3562,0.0,Undefined
3563,0.0,Undefined
3564,0.0,Undefined
3565,0.0,Undefined
3566,0.0,Undefined
3567,0.0,Undefined
3568,0.0,Undefined
3569,0.0,Undefined
3570,0.0,Undefined
3571,0.0,Undefined
3572,0.0,Undefined
3573,0.0,Undefined
3574,0.0,Undefined
3575,0.0,Undefined
3576,0.0,Undefined
3577,0.0,Undefined
3578,0.0,Undefined
3579,0.0,Undefined
3580,0.0,Undefined
3581,0.0,Undefined
3582,0.0,Undefined
3583,0.0,Undefined
3584,0.0,Undefined
3585,0.0,Undefined
3586,0.0,Undefined
3587,0.0,Undefined
3588,0.0,Undefined
3589,0.0,Undefined
3590,0.0,Undefined
3591,0.0,Undefined
3592,0.0,Undefined
3593,0.0,Undefined
3594,0.0,Undefined
3595,0.0,Undefined
3596,0.0,Undefined
3597,0.0,Undefined
3598,0.0,Undefined
3599,0.0,Undefined
3600,0.0,Undefined
3601,0.0,Undefined
3602,0.0,Undefined
3603,0.0,Undefined
3604,0.0,Undefined
3605,0.0,Undefined
3606,0.0,Undefined
3607,0.0,Undefined
3608,0.0,Undefined
3609,0.0,Undefined
3610,0.0,Undefined
3611,0.0,Undefined
3612,0.0,Undefined
3613,0.0,Undefined
3614,0.0,Undefined
3615,0.0,Undefined
3616,0.0,Undefined
3617,0.0,Undefined
3618,0.0,Undefined
3619,0.0,Undefined
3620,0.0,Undefined
3621,0.0,Undefined
3622,0.0,Undefined
3623,0.0,Undefined
3624,0.0,Undefined
3625,0.0,Undefined
3626,0.0,Undefined
3627,0.0,Undefined
3628,0.0,Undefined
3629,0.0,Undefined
3630,0.0,Undefined
3631,0.0,Undefined
3632,0.0,Undefined
3633,0.0,Undefined
3634,0.0,Undefined
3635,0.0,Undefined
3636,0.0,Undefined
3637,0.0,Undefined
3638,0.0,Undefined
3639,0.0,Undefined
3640,0.0,Undefined
3641,0.0,Undefined
3642,0.0,Undefined
3643,0.0,Undefined
3644,0.0,Undefined
3645,0.0,Undefined
3646,0.0,Undefined
3647,0.0,Undefined
3648,0.0,Undefined
3649,0.0,Undefined
3650,0.0,Undefined
3651,0.0,Undefined
3652,0.0,Undefined
3653,0.0,Undefined
3654,0.0,Undefined
3655,0.0,Undefined
3656,0.0,Undefined
3657,0.0,Undefined
3658,0.0,Undefined
3659,0.0,Undefined
3660,0.0,Undefined
3661,0.0,Undefined
3662,0.0,Undefined
3663,0.0,Undefined
3664,0.0,Undefined
3665,0.0,Undefined
3666,0.0,Undefined
3667,0.0,Undefined
3668,0.0,Undefined
3669,0.0,Undefined
3670,0.0,Undefined
3671,0.0,Undefined
3672,0.0,Undefined
3673,0.0,Undefined
3674,0.0,Undefined
3675,0.0,Undefined
3676,0.0,Undefined
3677,0.0,Undefined
3678,0.0,Undefined
3679,0.0,Undefined
3680,0.0,Undefined
3681,0.0,Undefined
3682,0.0,Undefined
3683,0.0,Undefined
3684,0.0,Undefined
3685,0.0,Undefined
3686,0.0,Undefined
3687,0.0,Undefined
3688,0.0,Undefined
3689,0.0,Undefined
3690,0.0,Undefined
3691,0.0,Undefined
3692,0.0,Undefined
3693,0.0,Undefined
3694,0.0,Undefined
3695,0.0,Undefined
3696,0.0,Undefined
3697,0.0,Undefined
3698,0.0,Undefined
3699,0.0,Undefined
3700,0.0,Undefined
3701,0.0,Undefined
3702,0.0,Undefined
3703,0.0,Undefined
3704,0.0,Undefined
3705,0.0,Undefined
3706,0.0,Undefined
3707,0.0,Undefined
3708,0.0,Undefined
3709,0.0,Undefined
3710,0.0,Undefined
3711,0.0,Undefined
3712,0.0,Undefined
3713,0.0,Undefined
3714,0.0,Undefined
3715,0.0,Undefined
3716,0.0,Undefined
3717,0.0,Undefined
3718,0.0,Undefined
3719,0.0,Undefined
3720,0.0,Undefined
3721,0.0,Undefined
3722,0.0,Undefined
3723,0.0,Undefined
3724,0.0,Undefined
3725,0.0,Undefined
3726,0.0,Undefined
3727,0.0,Undefined
3728,0.0,Undefined
3729,0.0,Undefined
3730,0.0,Undefined
3731,0.0,Undefined
3732,0.0,Undefined
3733,0.0,Undefined
3734,0.0,Undefined
3735,0.0,Undefined
3736,0.0,Undefined
3737,0.0,Undefined
3738,0.0,Undefined
3739,0.0,Undefined
3740,0.0,Undefined
3741,0.0,Undefined
3742,0.0,Undefined
3743,0.0,Undefined
3744,0.0,Undefined
3745,0.0,Undefined
3746,0.0,Undefined
3747,0.0,Undefined
3748,0.0,Undefined
3749,0.0,Undefined
3750,0.0,Undefined
3751,0.0,Undefined
3752,0.0,Undefined
3753,0.0,Undefined
3754,0.0,Undefined
3755,0.0,Undefined
3756,0.0,Undefined
3757,0.0,Undefined
3758,0.0,Undefined
3759,0.0,Undefined
3760,0.0,Undefined
3761,0.0,Undefined
3762,0.0,Undefined
3763,0.0,Undefined
3764,0.0,Undefined
3765,0.0,Undefined
3766,0.0,Undefined
3767,0.0,Undefined
3768,0.0,Undefined
3769,0.0,Undefined
3770,0.0,Undefined
3771,0.0,Undefined
3772,0.0,Undefined
3773,0.0,Undefined
3774,0.0,Undefined
3775,0.0,Undefined
3776,0.0,Undefined
3777,0.0,Undefined
3778,0.0,Undefined
3779,0.0,Undefined
3780,0.0,Undefined
3781,0.0,Undefined
3782,0.0,Undefined
3783,0.0,Undefined
3784,0.0,Undefined
3785,0.0,Undefined
3786,0.0,Undefined
3787,0.0,Undefined
3788,0.0,Undefined
3789,0.0,Undefined
3790,0.0,Undefined
3791,0.0,Undefined
3792,0.0,Undefined
3793,0.0,Undefined
3794,0.0,Undefined
3795,0.0,Undefined
3796,0.0,Undefined
3797,0.0,Undefined
3798,0.0,Undefined
3799,0.0,Undefined
3800,0.0,Undefined
3801,0.0,Undefined
3802,0.0,Undefined
3803,0.0,Undefined
3804,0.0,Undefined
3805,0.0,Undefined
3806,0.0,Undefined
3807,0.0,Undefined
3808,0.0,Undefined
3809,0.0,Undefined
3810,0.0,Undefined
3811,0.0,Undefined
3812,0.0,Undefined
3813,0.0,Undefined
3814,0.0,Undefined
3815,0.0,Undefined
3816,0.0,Undefined
3817,0.0,Undefined
3818,0.0,Undefined
3819,0.0,Undefined
3820,0.0,Undefined
3821,0.0,Undefined
3822,0.0,Undefined
3823,0.0,Undefined
3824,0.0,Undefined
3825,0.0,Undefined
3826,0.0,Undefined
3827,0.0,Undefined
3828,0.0,Undefined
3829,0.0,Undefined
3830,0.0,Undefined
3831,0.0,Undefined
3832,0.0,Undefined
3833,0.0,Undefined
3834,0.0,Undefined
3835,0.0,Undefined
3836,0.0,Undefined
3837,0.0,Undefined
3838,0.0,Undefined
3839,0.0,Undefined
3840,0.0,Undefined
3841,0.0,Undefined
3842,0.0,Undefined
3843,0.0,Undefined
3844,0.0,Undefined
3845,0.0,Undefined
3846,0.0,Undefined
3847,0.0,Undefined
3848,0.0,Undefined
3849,0.0,Undefined
3850,0.0,Undefined
3851,0.0,Undefined
3852,0.0,Undefined
3853,0.0,Undefined
3854,0.0,Undefined
3855,0.0,Undefined
3856,0.0,Undefined
3857,0.0,Undefined
3858,0.0,Undefined
3859,0.0,Undefined
3860,0.0,Undefined
3861,0.0,Undefined
3862,0.0,Undefined
3863,0.0,Undefined
3864,0.0,Undefined
3865,0.0,Undefined
3866,0.0,Undefined
3867,0.0,Undefined
3868,0.0,Undefined
3869,0.0,Undefined
3870,0.0,Undefined
3871,0.0,Undefined
3872,0.0,Undefined
3873,0.0,Undefined
3874,0.0,Undefined
3875,0.0,Undefined
3876,0.0,Undefined
3877,0.0,Undefined
3878,0.0,Undefined
3879,0.0,Undefined
3880,0.0,Undefined
3881,0.0,Undefined
3882,0.0,Undefined
3883,0.0,Undefined
3884,0.0,Undefined
3885,0.0,Undefined
3886,0.0,Undefined
3887,0.0,Undefined
3888,0.0,Undefined
3889,0.0,Undefined
3890,0.0,Undefined
3891,0.0,Undefined
3892,0.0,Undefined
3893,0.0,Undefined
3894,0.0,Undefined
3895,0.0,Undefined
3896,0.0,Undefined
3897,0.0,Undefined
3898,0.0,Undefined
3899,0.0,Undefined
3900,0.0,Undefined
3901,0.0,Undefined
3902,0.0,Undefined
3903,0.0,Undefined
3904,0.0,Undefined
3905,0.0,Undefined
3906,0.0,Undefined
3907,0.0,Undefined
3908,0.0,Undefined
3909,0.0,Undefined
3910,0.0,Undefined
3911,0.0,Undefined
3912,0.0,Undefined
3913,0.0,Undefined
3914,0.0,Undefined
3915,0.0,Undefined
3916,0.0,Undefined
3917,0.0,Undefined
3918,0.0,Undefined
3919,0.0,Undefined
3920,0.0,Undefined
3921,0.0,Undefined
3922,0.0,Undefined
3923,0.0,Undefined
3924,0.0,Undefined
3925,0.0,Undefined
3926,0.0,Undefined
3927,0.0,Undefined
3928,0.0,Undefined
3929,0.0,Undefined
3930,0.0,Undefined
3931,0.0,Undefined
3932,0.0,Undefined
3933,0.0,Undefined
3934,0.0,Undefined
3935,0.0,Undefined
3936,0.0,Undefined
3937,0.0,Undefined
3938,0.0,Undefined
3939,0.0,Undefined
3940,0.0,Undefined
3941,0.0,Undefined
3942,0.0,Undefined
3943,0.0,Undefined
3944,0.0,Undefined
3945,0.0,Undefined
3946,0.0,Undefined
3947,0.0,Undefined
3948,0.0,Undefined
3949,0.0,Undefined
3950,0.0,Undefined
3951,0.0,Undefined
3952,0.0,Undefined
3953,0.0,Undefined
3954,0.0,Undefined
3955,0.0,Undefined
3956,0.0,Undefined
3957,0.0,Undefined
3958,0.0,Undefined
3959,0.0,Undefined
3960,0.0,Undefined
3961,0.0,Undefined
3962,0.0,Undefined
3963,0.0,Undefined
3964,0.0,Undefined
3965,0.0,Undefined
3966,0.0,Undefined
3967,0.0,Undefined
3968,0.0,Undefined
3969,0.0,Undefined
3970,0.0,Undefined
3971,0.0,Undefined
3972,0.0,Undefined
3973,0.0,Undefined
3974,0.0,Undefined
3975,0.0,Undefined
3976,0.0,Undefined
3977,0.0,Undefined
3978,0.0,Undefined
3979,0.0,Undefined
3980,0.0,Undefined
3981,0.0,Undefined
3982,0.0,Undefined
3983,0.0,Undefined
3984,0.0,Undefined
3985,0.0,Undefined
3986,0.0,Undefined
3987,0.0,Undefined
3988,0.0,Undefined
3989,0.0,Undefined
3990,0.0,Undefined
3991,0.0,Undefined
3992,0.0,Undefined
3993,0.0,Undefined
3994,0.0,Undefined
3995,0.0,Undefined
3996,0.0,Undefined
3997,0.0,Undefined
3998,0.0,Undefined
3999,0.0,Undefined
4000,0.0,Undefined
4001,0.0,Undefined
4002,0.0,Undefined
4003,0.0,Undefined
4004,0.0,Undefined
4005,0.0,Undefined
4006,0.0,Undefined
4007,0.0,Undefined
4008,0.0,Undefined
4009,0.0,Undefined
4010,0.0,Undefined
4011,0.0,Undefined
4012,0.0,Undefined
4013,0.0,Undefined
4014,0.0,Undefined
4015,0.0,Undefined
4016,0.0,Undefined
4017,0.0,Undefined
4018,0.0,Undefined
4019,0.0,Undefined
4020,0.0,Undefined
4021,0.0,Undefined
4022,0.0,Undefined
4023,0.0,Undefined
4024,0.0,Undefined
4025,0.0,Undefined
4026,0.0,Undefined
4027,0.0,Undefined
4028,0.0,Undefined
4029,0.0,Undefined
4030,0.0,Undefined
4031,0.0,Undefined
4032,0.0,Undefined
4033,0.0,Undefined
4034,0.0,Undefined
4035,0.0,Undefined
4036,0.0,Undefined
4037,0.0,Undefined
4038,0.0,Undefined
4039,0.0,Undefined
4040,0.0,Undefined
4041,0.0,Undefined
4042,0.0,Undefined
4043,0.0,Undefined
4044,0.0,Undefined
4045,0.0,Undefined
4046,0.0,Undefined
4047,0.0,Undefined
4048,0.0,Undefined
4049,0.0,Undefined
4050,0.0,Undefined
4051,0.0,Undefined
4052,0.0,Undefined
4053,0.0,Undefined
4054,0.0,Undefined
4055,0.0,Undefined
4056,0.0,Undefined
4057,0.0,Undefined
4058,0.0,Undefined
4059,0.0,Undefined
4060,0.0,Undefined
4061,0.0,Undefined
4062,0.0,Undefined
4063,0.0,Undefined
4064,0.0,Undefined
4065,0.0,Undefined
4066,0.0,Undefined
4067,0.0,Undefined
4068,0.0,Undefined
4069,0.0,Undefined
4070,0.0,Undefined
4071,0.0,Undefined
4072,0.0,Undefined
4073,0.0,Undefined
4074,0.0,Undefined
4075,0.0,Undefined
4076,0.0,Undefined
4077,0.0,Undefined
4078,0.0,Undefined
4079,0.0,Undefined
4080,0.0,Undefined
4081,0.0,Undefined
4082,0.0,Undefined
4083,0.0,Undefined
4084,0.0,Undefined
4085,0.0,Undefined
4086,0.0,Undefined
4087,0.0,Undefined
4088,0.0,Undefined
4089,0.0,Undefined
4090,0.0,Undefined
4091,0.0,Undefined
4092,0.0,Undefined
4093,0.0,Undefined
4094,0.0,Undefined
4095,0.0,Undefined
4096,0.0,Undefined
4097,0.0,Undefined
4098,0.0,Undefined
4099,0.0,Undefined
4100,0.0,Undefined
4101,0.0,Undefined
4102,0.0,Undefined
4103,0.0,Undefined
4104,0.0,Undefined
4105,0.0,Undefined
4106,0.0,Undefined
4107,0.0,Undefined
4108,0.0,Undefined
4109,0.0,Undefined
4110,0.0,Undefined
4111,0.0,Undefined
4112,0.0,Undefined
4113,0.0,Undefined
4114,0.0,Undefined
4115,0.0,Undefined
4116,0.0,Undefined
4117,0.0,Undefined
4118,0.0,Undefined
4119,0.0,Undefined
4120,0.0,Undefined
4121,0.0,Undefined
4122,0.0,Undefined
4123,0.0,Undefined
4124,0.0,Undefined
4125,0.0,Undefined
4126,0.0,Undefined
4127,0.0,Undefined
4128,0.0,Undefined
4129,0.0,Undefined
4130,0.0,Undefined
4131,0.0,Undefined
4132,0.0,Undefined
4133,0.0,Undefined
4134,0.0,Undefined
4135,0.0,Undefined
4136,0.0,Undefined
4137,0.0,Undefined
4138,0.0,Undefined
4139,0.0,Undefined
4140,0.0,Undefined
4141,0.0,Undefined
4142,0.0,Undefined
4143,0.0,Undefined
4144,0.0,Undefined
4145,0.0,Undefined
4146,0.0,Undefined
4147,0.0,Undefined
4148,0.0,Undefined
4149,0.0,Undefined
4150,0.0,Undefined
4151,0.0,Undefined
4152,0.0,Undefined
4153,0.0,Undefined
4154,0.0,Undefined
4155,0.0,Undefined
4156,0.0,Undefined
4157,0.0,Undefined
4158,0.0,Undefined
4159,0.0,Undefined
4160,0.0,Undefined
4161,0.0,Undefined
4162,0.0,Undefined
4163,0.0,Undefined
4164,0.0,Undefined
4165,0.0,Undefined
4166,0.0,Undefined
4167,0.0,Undefined
4168,0.0,Undefined
4169,0.0,Undefined
4170,0.0,Undefined
4171,0.0,Undefined
4172,0.0,Undefined
4173,0.0,Undefined
4174,0.0,Undefined
4175,0.0,Undefined
4176,0.0,Undefined
4177,0.0,Undefined
4178,0.0,Undefined
4179,0.0,Undefined
4180,0.0,Undefined
4181,0.0,Undefined
4182,0.0,Undefined
4183,0.0,Undefined
4184,0.0,Undefined
4185,0.0,Undefined
4186,0.0,Undefined
4187,0.0,Undefined
4188,0.0,Undefined
4189,0.0,Undefined
4190,0.0,Undefined
4191,0.0,Undefined
4192,0.0,Undefined
4193,0.0,Undefined
4194,0.0,Undefined
4195,0.0,Undefined
4196,0.0,Undefined
4197,0.0,Undefined
4198,0.0,Undefined
4199,0.0,Undefined
4200,0.0,Undefined
4201,0.0,Undefined
4202,0.0,Undefined
4203,0.0,Undefined
4204,0.0,Undefined
4205,0.0,Undefined
4206,0.0,Undefined
4207,0.0,Undefined
4208,0.0,Undefined
4209,0.0,Undefined
4210,0.0,Undefined
4211,0.0,Undefined
4212,0.0,Undefined
4213,0.0,Undefined
4214,0.0,Undefined
4215,0.0,Undefined
4216,0.0,Undefined
4217,0.0,Undefined
4218,0.0,Undefined
4219,0.0,Undefined
4220,0.0,Undefined
4221,0.0,Undefined
4222,0.0,Undefined
4223,0.0,Undefined
4224,0.0,Undefined
4225,0.0,Undefined
4226,0.0,Undefined
4227,0.0,Undefined
4228,0.0,Undefined
4229,0.0,Undefined
4230,0.0,Undefined
4231,0.0,Undefined
4232,0.0,Undefined
4233,0.0,Undefined
4234,0.0,Undefined
4235,0.0,Undefined
4236,0.0,Undefined
4237,0.0,Undefined
4238,0.0,Undefined
4239,0.0,Undefined
4240,0.0,Undefined
4241,0.0,Undefined
4242,0.0,Undefined
4243,0.0,Undefined
4244,0.0,Undefined
4245,0.0,Undefined
4246,0.0,Undefined
4247,0.0,Undefined
4248,0.0,Undefined
4249,0.0,Undefined
4250,0.0,Undefined
4251,0.0,Undefined
4252,0.0,Undefined
4253,0.0,Undefined
4254,0.0,Undefined
4255,0.0,Undefined
4256,0.0,Undefined
4257,0.0,Undefined
4258,0.0,Undefined
4259,0.0,Undefined
4260,0.0,Undefined
4261,0.0,Undefined
4262,0.0,Undefined
4263,0.0,Undefined
4264,0.0,Undefined
4265,0.0,Undefined
4266,0.0,Undefined
4267,0.0,Undefined
4268,0.0,Undefined
4269,0.0,Undefined
4270,0.0,Undefined
4271,0.0,Undefined
4272,0.0,Undefined
4273,0.0,Undefined
4274,0.0,Undefined
4275,0.0,Undefined
4276,0.0,Undefined
4277,0.0,Undefined
4278,0.0,Undefined
4279,0.0,Undefined
4280,0.0,Undefined
4281,0.0,Undefined
4282,0.0,Undefined
4283,0.0,Undefined
4284,0.0,Undefined
4285,0.0,Undefined
4286,0.0,Undefined
4287,0.0,Undefined
4288,0.0,Undefined
4289,0.0,Undefined
4290,0.0,Undefined
4291,0.0,Undefined
4292,0.0,Undefined
4293,0.0,Undefined
4294,0.0,Undefined
4295,0.0,Undefined
4296,0.0,Undefined
4297,0.0,Undefined
4298,0.0,Undefined
4299,0.0,Undefined
4300,0.0,Undefined
4301,0.0,Undefined
4302,0.0,Undefined
4303,0.0,Undefined
4304,0.0,Undefined
4305,0.0,Undefined
4306,0.0,Undefined
4307,0.0,Undefined
4308,0.0,Undefined
4309,0.0,Undefined
4310,0.0,Undefined
4311,0.0,Undefined
4312,0.0,Undefined
4313,0.0,Undefined
4314,0.0,Undefined
4315,0.0,Undefined
4316,0.0,Undefined
4317,0.0,Undefined
4318,0.0,Undefined
4319,0.0,Undefined
4320,0.0,Undefined
4321,0.0,Undefined
4322,0.0,Undefined
4323,0.0,Undefined
4324,0.0,Undefined
4325,0.0,Undefined
4326,0.0,Undefined
4327,0.0,Undefined
4328,0.0,Undefined
4329,0.0,Undefined
4330,0.0,Undefined
4331,0.0,Undefined
4332,0.0,Undefined
4333,0.0,Undefined
4334,0.0,Undefined
4335,0.0,Undefined
4336,0.0,Undefined
4337,0.0,Undefined
4338,0.0,Undefined
4339,0.0,Undefined
4340,0.0,Undefined
4341,0.0,Undefined
4342,0.0,Undefined
4343,0.0,Undefined
4344,0.0,Undefined
4345,0.0,Undefined
4346,0.0,Undefined
4347,0.0,Undefined
4348,0.0,Undefined
4349,0.0,Undefined
4350,0.0,Undefined
4351,0.0,Undefined
4352,0.0,Undefined
4353,0.0,Undefined
4354,0.0,Undefined
4355,0.0,Undefined
4356,0.0,Undefined
4357,0.0,Undefined
4358,0.0,Undefined
4359,0.0,Undefined
4360,0.0,Undefined
4361,0.0,Undefined
4362,0.0,Undefined
4363,0.0,Undefined
4364,0.0,Undefined
4365,0.0,Undefined
4366,0.0,Undefined
4367,0.0,Undefined
4368,0.0,Undefined
4369,0.0,Undefined
4370,0.0,Undefined
4371,0.0,Undefined
4372,0.0,Undefined
4373,0.0,Undefined
4374,0.0,Undefined
4375,0.0,Undefined
4376,0.0,Undefined
4377,0.0,Undefined
4378,0.0,Undefined
4379,0.0,Undefined
4380,0.0,Undefined
4381,0.0,Undefined
4382,0.0,Undefined
4383,0.0,Undefined
4384,0.0,Undefined
4385,0.0,Undefined
4386,0.0,Undefined
4387,0.0,Undefined
4388,0.0,Undefined
4389,0.0,Undefined
4390,0.0,Undefined
4391,0.0,Undefined
4392,0.0,Undefined
4393,0.0,Undefined
4394,0.0,Undefined
4395,0.0,Undefined
4396,0.0,Undefined
4397,0.0,Undefined
4398,0.0,Undefined
4399,0.0,Undefined
4400,0.0,Undefined
4401,0.0,Undefined
4402,0.0,Undefined
4403,0.0,Undefined
4404,0.0,Undefined
4405,0.0,Undefined
4406,0.0,Undefined
4407,0.0,Undefined
4408,0.0,Undefined
4409,0.0,Undefined
4410,0.0,Undefined
4411,0.0,Undefined
4412,0.0,Undefined
4413,0.0,Undefined
4414,0.0,Undefined
4415,0.0,Undefined
4416,0.0,Undefined
4417,0.0,Undefined
4418,0.0,Undefined
4419,0.0,Undefined
4420,0.0,Undefined
4421,0.0,Undefined
4422,0.0,Undefined
4423,0.0,Undefined
4424,0.0,Undefined
4425,0.0,Undefined
4426,0.0,Undefined
4427,0.0,Undefined
4428,0.0,Undefined
4429,0.0,Undefined
4430,0.0,Undefined
4431,0.0,Undefined
4432,0.0,Undefined
4433,0.0,Undefined
4434,0.0,Undefined
4435,0.0,Undefined
4436,0.0,Undefined
4437,0.0,Undefined
4438,0.0,Undefined
4439,0.0,Undefined
4440,0.0,Undefined
4441,0.0,Undefined
4442,0.0,Undefined
4443,0.0,Undefined
4444,0.0,Undefined
4445,0.0,Undefined
4446,0.0,Undefined
4447,0.0,Undefined
4448,0.0,Undefined
4449,0.0,Undefined
4450,0.0,Undefined
4451,0.0,Undefined
4452,0.0,Undefined
4453,0.0,Undefined
4454,0.0,Undefined
4455,0.0,Undefined
4456,0.0,Undefined
4457,0.0,Undefined
4458,0.0,Undefined
4459,0.0,Undefined
4460,0.0,Undefined
4461,0.0,Undefined
4462,0.0,Undefined
4463,0.0,Undefined
4464,0.0,Undefined
4465,0.0,Undefined
4466,0.0,Undefined
4467,0.0,Undefined
4468,0.0,Undefined
4469,0.0,Undefined
4470,0.0,Undefined
4471,0.0,Undefined
4472,0.0,Undefined
4473,0.0,Undefined
4474,0.0,Undefined
4475,0.0,Undefined
4476,0.0,Undefined
4477,0.0,Undefined
4478,0.0,Undefined
4479,0.0,Undefined
4480,0.0,Undefined
4481,0.0,Undefined
4482,0.0,Undefined
4483,0.0,Undefined
4484,0.0,Undefined
4485,0.0,Undefined
4486,0.0,Undefined
4487,0.0,Undefined
4488,0.0,Undefined
4489,0.0,Undefined
4490,0.0,Undefined
4491,0.0,Undefined
4492,0.0,Undefined
4493,0.0,Undefined
4494,0.0,Undefined
4495,0.0,Undefined
4496,0.0,Undefined
4497,0.0,Undefined
4498,0.0,Undefined
4499,0.0,Undefined
4500,0.0,Undefined
4501,0.0,Undefined
4502,0.0,Undefined
4503,0.0,Undefined
4504,0.0,Undefined
4505,0.0,Undefined
4506,0.0,Undefined
4507,0.0,Undefined
4508,0.0,Undefined
4509,0.0,Undefined
4510,0.0,Undefined
4511,0.0,Undefined
4512,0.0,Undefined
4513,0.0,Undefined
4514,0.0,Undefined
4515,0.0,Undefined
4516,0.0,Undefined
4517,0.0,Undefined
4518,0.0,Undefined
4519,0.0,Undefined
4520,0.0,Undefined
4521,0.0,Undefined
4522,0.0,Undefined
4523,0.0,Undefined
4524,0.0,Undefined
4525,0.0,Undefined
4526,0.0,Undefined
4527,0.0,Undefined
4528,0.0,Undefined
4529,0.0,Undefined
4530,0.0,Undefined
4531,0.0,Undefined
4532,0.0,Undefined
4533,0.0,Undefined
4534,0.0,Undefined
4535,0.0,Undefined
4536,0.0,Undefined
4537,0.0,Undefined
4538,0.0,Undefined
4539,0.0,Undefined
4540,0.0,Undefined
4541,0.0,Undefined
4542,0.0,Undefined
4543,0.0,Undefined
4544,0.0,Undefined
4545,0.0,Undefined
4546,0.0,Undefined
4547,0.0,Undefined
4548,0.0,Undefined
4549,0.0,Undefined
4550,0.0,Undefined
4551,0.0,Undefined
4552,0.0,Undefined
4553,0.0,Undefined
4554,0.0,Undefined
4555,0.0,Undefined
4556,0.0,Undefined
4557,0.0,Undefined
4558,0.0,Undefined
4559,0.0,Undefined
4560,0.0,Undefined
4561,0.0,Undefined
4562,0.0,Undefined
4563,0.0,Undefined
4564,0.0,Undefined
4565,0.0,Undefined
4566,0.0,Undefined
4567,0.0,Undefined
4568,0.0,Undefined
4569,0.0,Undefined
4570,0.0,Undefined
4571,0.0,Undefined
4572,0.0,Undefined
4573,0.0,Undefined
4574,0.0,Undefined
4575,0.0,Undefined
4576,0.0,Undefined
4577,0.0,Undefined
4578,0.0,Undefined
4579,0.0,Undefined
4580,0.0,Undefined
4581,0.0,Undefined
4582,0.0,Undefined
4583,0.0,Undefined
4584,0.0,Undefined
4585,0.0,Undefined
4586,0.0,Undefined
4587,0.0,Undefined
4588,0.0,Undefined
4589,0.0,Undefined
4590,0.0,Undefined
4591,0.0,Undefined
4592,0.0,Undefined
4593,0.0,Undefined
4594,0.0,Undefined
4595,0.0,Undefined
4596,0.0,Undefined
4597,0.0,Undefined
4598,0.0,Undefined
4599,0.0,Undefined
4600,0.0,Undefined
4601,0.0,Undefined
4602,0.0,Undefined
4603,0.0,Undefined
4604,0.0,Undefined
4605,0.0,Undefined
4606,0.0,Undefined
4607,0.0,Undefined
4608,0.0,Undefined
4609,0.0,Undefined
4610,0.0,Undefined
4611,0.0,Undefined
4612,0.0,Undefined
4613,0.0,Undefined
4614,0.0,Undefined
4615,0.0,Undefined
4616,0.0,Undefined
4617,0.0,Undefined
4618,0.0,Undefined
4619,0.0,Undefined
4620,0.0,Undefined
4621,0.0,Undefined
4622,0.0,Undefined
4623,0.0,Undefined
4624,0.0,Undefined
4625,0.0,Undefined
4626,0.0,Undefined
4627,0.0,Undefined
4628,0.0,Undefined
4629,0.0,Undefined
4630,0.0,Undefined
4631,0.0,Undefined
4632,0.0,Undefined
4633,0.0,Undefined
4634,0.0,Undefined
4635,0.0,Undefined
4636,0.0,Undefined
4637,0.0,Undefined
4638,0.0,Undefined
4639,0.0,Undefined
4640,0.0,Undefined
4641,0.0,Undefined
4642,0.0,Undefined
4643,0.0,Undefined
4644,0.0,Undefined
4645,0.0,Undefined
4646,0.0,Undefined
4647,0.0,Undefined
4648,0.0,Undefined
4649,0.0,Undefined
4650,0.0,Undefined
4651,0.0,Undefined
4652,0.0,Undefined
4653,0.0,Undefined
4654,0.0,Undefined
4655,0.0,Undefined
4656,0.0,Undefined
4657,0.0,Undefined
4658,0.0,Undefined
4659,0.0,Undefined
4660,0.0,Undefined
4661,0.0,Undefined
4662,0.0,Undefined
4663,0.0,Undefined
4664,0.0,Undefined
4665,0.0,Undefined
4666,0.0,Undefined
4667,0.0,Undefined
4668,0.0,Undefined
4669,0.0,Undefined
4670,0.0,Undefined
4671,0.0,Undefined
4672,0.0,Undefined
4673,0.0,Undefined
4674,0.0,Undefined
4675,0.0,Undefined
4676,0.0,Undefined
4677,0.0,Undefined
4678,0.0,Undefined
4679,0.0,Undefined
4680,0.0,Undefined
4681,0.0,Undefined
4682,0.0,Undefined
4683,0.0,Undefined
4684,0.0,Undefined
4685,0.0,Undefined
4686,0.0,Undefined
4687,0.0,Undefined
4688,0.0,Undefined
4689,0.0,Undefined
4690,0.0,Undefined
4691,0.0,Undefined
4692,0.0,Undefined
4693,0.0,Undefined
4694,0.0,Undefined
4695,0.0,Undefined
4696,0.0,Undefined
4697,0.0,Undefined
4698,0.0,Undefined
4699,0.0,Undefined
4700,0.0,Undefined
4701,0.0,Undefined
4702,0.0,Undefined
4703,0.0,Undefined
4704,0.0,Undefined
4705,0.0,Undefined
4706,0.0,Undefined
4707,0.0,Undefined
4708,0.0,Undefined
4709,0.0,Undefined
4710,0.0,Undefined
4711,0.0,Undefined
4712,0.0,Undefined
4713,0.0,Undefined
4714,0.0,Undefined
4715,0.0,Undefined
4716,0.0,Undefined
4717,0.0,Undefined
4718,0.0,Undefined
4719,0.0,Undefined
4720,0.0,Undefined
4721,0.0,Undefined
4722,0.0,Undefined
4723,0.0,Undefined
4724,0.0,Undefined
4725,0.0,Undefined
4726,0.0,Undefined
4727,0.0,Undefined
4728,0.0,Undefined
4729,0.0,Undefined
4730,0.0,Undefined
4731,0.0,Undefined
4732,0.0,Undefined
4733,0.0,Undefined
4734,0.0,Undefined
4735,0.0,Undefined
4736,0.0,Undefined
4737,0.0,Undefined
4738,0.0,Undefined
4739,0.0,Undefined
4740,0.0,Undefined
4741,0.0,Undefined
4742,0.0,Undefined
4743,0.0,Undefined
4744,0.0,Undefined
4745,0.0,Undefined
4746,0.0,Undefined
4747,0.0,Undefined
4748,0.0,Undefined
4749,0.0,Undefined
4750,0.0,Undefined
4751,0.0,Undefined
4752,0.0,Undefined
4753,0.0,Undefined
4754,0.0,Undefined
4755,0.0,Undefined
4756,0.0,Undefined
4757,0.0,Undefined
4758,0.0,Undefined
4759,0.0,Undefined
4760,0.0,Undefined
4761,0.0,Undefined
4762,0.0,Undefined
4763,0.0,Undefined
4764,0.0,Undefined
4765,0.0,Undefined
4766,0.0,Undefined
4767,0.0,Undefined
4768,0.0,Undefined
4769,0.0,Undefined
4770,0.0,Undefined
4771,0.0,Undefined
4772,0.0,Undefined
4773,0.0,Undefined
4774,0.0,Undefined
4775,0.0,Undefined
4776,0.0,Undefined
4777,0.0,Undefined
4778,0.0,Undefined
4779,0.0,Undefined
4780,0.0,Undefined
4781,0.0,Undefined
4782,0.0,Undefined
4783,0.0,Undefined
4784,0.0,Undefined
4785,0.0,Undefined
4786,0.0,Undefined
4787,0.0,Undefined
4788,0.0,Undefined
4789,0.0,Undefined
4790,0.0,Undefined
4791,0.0,Undefined
4792,0.0,Undefined
4793,0.0,Undefined
4794,0.0,Undefined
4795,0.0,Undefined
4796,0.0,Undefined
4797,0.0,Undefined
4798,0.0,Undefined
4799,0.0,Undefined
4800,0.0,Undefined
4801,0.0,Undefined
4802,0.0,Undefined
4803,0.0,Undefined
4804,0.0,Undefined
4805,0.0,Undefined
4806,0.0,Undefined
4807,0.0,Undefined
4808,0.0,Undefined
4809,0.0,Undefined
4810,0.0,Undefined
4811,0.0,Undefined
4812,0.0,Undefined
4813,0.0,Undefined
4814,0.0,Undefined
4815,0.0,Undefined
4816,0.0,Undefined
4817,0.0,Undefined
4818,0.0,Undefined
4819,0.0,Undefined
4820,0.0,Undefined
4821,0.0,Undefined
4822,0.0,Undefined
4823,0.0,Undefined
4824,0.0,Undefined
4825,0.0,Undefined
4826,0.0,Undefined
4827,0.0,Undefined
4828,0.0,Undefined
4829,0.0,Undefined
4830,0.0,Undefined
4831,0.0,Undefined
4832,0.0,Undefined
4833,0.0,Undefined
4834,0.0,Undefined
4835,0.0,Undefined
4836,0.0,Undefined
4837,0.0,Undefined
4838,0.0,Undefined
4839,0.0,Undefined
4840,0.0,Undefined
4841,0.0,Undefined
4842,0.0,Undefined
4843,0.0,Undefined
4844,0.0,Undefined
4845,0.0,Undefined
4846,0.0,Undefined
4847,0.0,Undefined
4848,0.0,Undefined
4849,0.0,Undefined
4850,0.0,Undefined
4851,0.0,Undefined
4852,0.0,Undefined
4853,0.0,Undefined
4854,0.0,Undefined
4855,0.0,Undefined
4856,0.0,Undefined
4857,0.0,Undefined
4858,0.0,Undefined
4859,0.0,Undefined
4860,0.0,Undefined
4861,0.0,Undefined
4862,0.0,Undefined
4863,0.0,Undefined
4864,0.0,Undefined
4865,0.0,Undefined
4866,0.0,Undefined
4867,0.0,Undefined
4868,0.0,Undefined
4869,0.0,Undefined
4870,0.0,Undefined
4871,0.0,Undefined
4872,0.0,Undefined
4873,0.0,Undefined
4874,0.0,Undefined
4875,0.0,Undefined
4876,0.0,Undefined
4877,0.0,Undefined
4878,0.0,Undefined
4879,0.0,Undefined
4880,0.0,Undefined
4881,0.0,Undefined
4882,0.0,Undefined
4883,0.0,Undefined
4884,0.0,Undefined
4885,0.0,Undefined
4886,0.0,Undefined
4887,0.0,Undefined
4888,0.0,Undefined
4889,0.0,Undefined
4890,0.0,Undefined
4891,0.0,Undefined
4892,0.0,Undefined
4893,0.0,Undefined
4894,0.0,Undefined
4895,0.0,Undefined
4896,0.0,Undefined
4897,0.0,Undefined
4898,0.0,Undefined
4899,0.0,Undefined
4900,0.0,Undefined
4901,0.0,Undefined
4902,0.0,Undefined
4903,0.0,Undefined
4904,0.0,Undefined
4905,0.0,Undefined
4906,0.0,Undefined
4907,0.0,Undefined
4908,0.0,Undefined
4909,0.0,Undefined
4910,0.0,Undefined
4911,0.0,Undefined
4912,0.0,Undefined
4913,0.0,Undefined
4914,0.0,Undefined
4915,0.0,Undefined
4916,0.0,Undefined
4917,0.0,Undefined
4918,0.0,Undefined
4919,0.0,Undefined
4920,0.0,Undefined
4921,0.0,Undefined
4922,0.0,Undefined
4923,0.0,Undefined
4924,0.0,Undefined
4925,0.0,Undefined
4926,0.0,Undefined
4927,0.0,Undefined
4928,0.0,Undefined
4929,0.0,Undefined
4930,0.0,Undefined
4931,0.0,Undefined
4932,0.0,Undefined
4933,0.0,Undefined
4934,0.0,Undefined
4935,0.0,Undefined
4936,0.0,Undefined
4937,0.0,Undefined
4938,0.0,Undefined
4939,0.0,Undefined
4940,0.0,Undefined
4941,0.0,Undefined
4942,0.0,Undefined
4943,0.0,Undefined
4944,0.0,Undefined
4945,0.0,Undefined
4946,0.0,Undefined
4947,0.0,Undefined
4948,0.0,Undefined
4949,0.0,Undefined
4950,0.0,Undefined
4951,0.0,Undefined
4952,0.0,Undefined
4953,0.0,Undefined
4954,0.0,Undefined
4955,0.0,Undefined
4956,0.0,Undefined
4957,0.0,Undefined
4958,0.0,Undefined
4959,0.0,Undefined
4960,0.0,Undefined
4961,0.0,Undefined
4962,0.0,Undefined
4963,0.0,Undefined
4964,0.0,Undefined
4965,0.0,Undefined
4966,0.0,Undefined
4967,0.0,Undefined
4968,0.0,Undefined
4969,0.0,Undefined
4970,0.0,Undefined
4971,0.0,Undefined
4972,0.0,Undefined
4973,0.0,Undefined
4974,0.0,Undefined
4975,0.0,Undefined
4976,0.0,Undefined
4977,0.0,Undefined
4978,0.0,Undefined
4979,0.0,Undefined
4980,0.0,Undefined
4981,0.0,Undefined
4982,0.0,Undefined
4983,0.0,Undefined
4984,0.0,Undefined
4985,0.0,Undefined
4986,0.0,Undefined
4987,0.0,Undefined
4988,0.0,Undefined
4989,0.0,Undefined
4990,0.0,Undefined
4991,0.0,Undefined
4992,0.0,Undefined
4993,0.0,Undefined
4994,0.0,Undefined
4995,0.0,Undefined
4996,0.0,Undefined
4997,0.0,Undefined
4998,0.0,Undefined
4999,0.0,Undefined
5000,0.0,Undefined
5001,0.0,Undefined
5002,0.0,Undefined
5003,0.0,Undefined
5004,0.0,Undefined
5005,0.0,Undefined
5006,0.0,Undefined
5007,0.0,Undefined
5008,0.0,Undefined
5009,0.0,Undefined
5010,0.0,Undefined
5011,0.0,Undefined
5012,0.0,Undefined
5013,0.0,Undefined
5014,0.0,Undefined
5015,0.0,Undefined
5016,0.0,Undefined
5017,0.0,Undefined
5018,0.0,Undefined
5019,0.0,Undefined
5020,0.0,Undefined
5021,0.0,Undefined
5022,0.0,Undefined
5023,0.0,Undefined
5024,0.0,Undefined
5025,0.0,Undefined
5026,0.0,Undefined
5027,0.0,Undefined
5028,0.0,Undefined
5029,0.0,Undefined
5030,0.0,Undefined
5031,0.0,Undefined
5032,0.0,Undefined
5033,0.0,Undefined
5034,0.0,Undefined
5035,0.0,Undefined
5036,0.0,Undefined
5037,0.0,Undefined
5038,0.0,Undefined
5039,0.0,Undefined
5040,0.0,Undefined
5041,0.0,Undefined
5042,0.0,Undefined
5043,0.0,Undefined
5044,0.0,Undefined
5045,0.0,Undefined
5046,0.0,Undefined
5047,0.0,Undefined
5048,0.0,Undefined
5049,0.0,Undefined
5050,0.0,Undefined
5051,0.0,Undefined
5052,0.0,Undefined
5053,0.0,Undefined
5054,0.0,Undefined
5055,0.0,Undefined
5056,0.0,Undefined
5057,0.0,Undefined
5058,0.0,Undefined
5059,0.0,Undefined
5060,0.0,Undefined
5061,0.0,Undefined
5062,0.0,Undefined
5063,0.0,Undefined
5064,0.0,Undefined
5065,0.0,Undefined
5066,0.0,Undefined
5067,0.0,Undefined
5068,0.0,Undefined
5069,0.0,Undefined
5070,0.0,Undefined
5071,0.0,Undefined
5072,0.0,Undefined
5073,0.0,Undefined
5074,0.0,Undefined
5075,0.0,Undefined
5076,0.0,Undefined
5077,0.0,Undefined
5078,0.0,Undefined
5079,0.0,Undefined
5080,0.0,Undefined
5081,0.0,Undefined
5082,0.0,Undefined
5083,0.0,Undefined
5084,0.0,Undefined
5085,0.0,Undefined
5086,0.0,Undefined
5087,0.0,Undefined
5088,0.0,Undefined
5089,0.0,Undefined
5090,0.0,Undefined
5091,0.0,Undefined
5092,0.0,Undefined
5093,0.0,Undefined
5094,0.0,Undefined
5095,0.0,Undefined
5096,0.0,Undefined
5097,0.0,Undefined
5098,0.0,Undefined
5099,0.0,Undefined
5100,0.0,Undefined
5101,0.0,Undefined
5102,0.0,Undefined
5103,0.0,Undefined
5104,0.0,Undefined
5105,0.0,Undefined
5106,0.0,Undefined
5107,0.0,Undefined
5108,0.0,Undefined
5109,0.0,Undefined
5110,0.0,Undefined
5111,0.0,Undefined
5112,0.0,Undefined
5113,0.0,Undefined
5114,0.0,Undefined
5115,0.0,Undefined
5116,0.0,Undefined
5117,0.0,Undefined
5118,0.0,Undefined
5119,0.0,Undefined
5120,0.0,Undefined
5121,0.0,Undefined
5122,0.0,Undefined
5123,0.0,Undefined
5124,0.0,Undefined
5125,0.0,Undefined
5126,0.0,Undefined
5127,0.0,Undefined
5128,0.0,Undefined
5129,0.0,Undefined
5130,0.0,Undefined
5131,0.0,Undefined
5132,0.0,Undefined
5133,0.0,Undefined
5134,0.0,Undefined
5135,0.0,Undefined
5136,0.0,Undefined
5137,0.0,Undefined
5138,0.0,Undefined
5139,0.0,Undefined
5140,0.0,Undefined
5141,0.0,Undefined
5142,0.0,Undefined
5143,0.0,Undefined
5144,0.0,Undefined
5145,0.0,Undefined
5146,0.0,Undefined
5147,0.0,Undefined
5148,0.0,Undefined
5149,0.0,Undefined
5150,0.0,Undefined
5151,0.0,Undefined
5152,0.0,Undefined
5153,0.0,Undefined
5154,0.0,Undefined
5155,0.0,Undefined
5156,0.0,Undefined
5157,0.0,Undefined
5158,0.0,Undefined
5159,0.0,Undefined
5160,0.0,Undefined
5161,0.0,Undefined
5162,0.0,Undefined
5163,0.0,Undefined
5164,0.0,Undefined
5165,0.0,Undefined
5166,0.0,Undefined
5167,0.0,Undefined
5168,0.0,Undefined
5169,0.0,Undefined
5170,0.0,Undefined
5171,0.0,Undefined
5172,0.0,Undefined
5173,0.0,Undefined
5174,0.0,Undefined
5175,0.0,Undefined
5176,0.0,Undefined
5177,0.0,Undefined
5178,0.0,Undefined
5179,0.0,Undefined
5180,0.0,Undefined
5181,0.0,Undefined
5182,0.0,Undefined
5183,0.0,Undefined
5184,0.0,Undefined
5185,0.0,Undefined
5186,0.0,Undefined
5187,0.0,Undefined
5188,0.0,Undefined
5189,0.0,Undefined
5190,0.0,Undefined
5191,0.0,Undefined
5192,0.0,Undefined
5193,0.0,Undefined
5194,0.0,Undefined
5195,0.0,Undefined
5196,0.0,Undefined
5197,0.0,Undefined
5198,0.0,Undefined
5199,0.0,Undefined
5200,0.0,Undefined
5201,0.0,Undefined
5202,0.0,Undefined
5203,0.0,Undefined
5204,0.0,Undefined
5205,0.0,Undefined
5206,0.0,Undefined
5207,0.0,Undefined
5208,0.0,Undefined
5209,0.0,Undefined
5210,0.0,Undefined
5211,0.0,Undefined
5212,0.0,Undefined
5213,0.0,Undefined
5214,0.0,Undefined
5215,0.0,Undefined
5216,0.0,Undefined
5217,0.0,Undefined
5218,0.0,Undefined
5219,0.0,Undefined
5220,0.0,Undefined
5221,0.0,Undefined
5222,0.0,Undefined
5223,0.0,Undefined
5224,0.0,Undefined
5225,0.0,Undefined
5226,0.0,Undefined
5227,0.0,Undefined
5228,0.0,Undefined
5229,0.0,Undefined
5230,0.0,Undefined
5231,0.0,Undefined
5232,0.0,Undefined
5233,0.0,Undefined
5234,0.0,Undefined
5235,0.0,Undefined
5236,0.0,Undefined
5237,0.0,Undefined
5238,0.0,Undefined
5239,0.0,Undefined
5240,0.0,Undefined
5241,0.0,Undefined
5242,0.0,Undefined
5243,0.0,Undefined
5244,0.0,Undefined
5245,0.0,Undefined
5246,0.0,Undefined
5247,0.0,Undefined
5248,0.0,Undefined
5249,0.0,Undefined
5250,0.0,Undefined
5251,0.0,Undefined
5252,0.0,Undefined
5253,0.0,Undefined
5254,0.0,Undefined
5255,0.0,Undefined
5256,0.0,Undefined
5257,0.0,Undefined
5258,0.0,Undefined
5259,0.0,Undefined
5260,0.0,Undefined
5261,0.0,Undefined
5262,0.0,Undefined
5263,0.0,Undefined
5264,0.0,Undefined
5265,0.0,Undefined
5266,0.0,Undefined
5267,0.0,Undefined
5268,0.0,Undefined
5269,0.0,Undefined
5270,0.0,Undefined
5271,0.0,Undefined
5272,0.0,Undefined
5273,0.0,Undefined
5274,0.0,Undefined
5275,0.0,Undefined
5276,0.0,Undefined
5277,0.0,Undefined
5278,0.0,Undefined
5279,0.0,Undefined
5280,0.0,Undefined
5281,0.0,Undefined
5282,0.0,Undefined
5283,0.0,Undefined
5284,0.0,Undefined
5285,0.0,Undefined
5286,0.0,Undefined
5287,0.0,Undefined
5288,0.0,Undefined
5289,0.0,Undefined
5290,0.0,Undefined
5291,0.0,Undefined
5292,0.0,Undefined
5293,0.0,Undefined
5294,0.0,Undefined
5295,0.0,Undefined
5296,0.0,Undefined
5297,0.0,Undefined
5298,0.0,Undefined
5299,0.0,Undefined
5300,0.0,Undefined
5301,0.0,Undefined
5302,0.0,Undefined
5303,0.0,Undefined
5304,0.0,Undefined
5305,0.0,Undefined
5306,0.0,Undefined
5307,0.0,Undefined
5308,0.0,Undefined
5309,0.0,Undefined
5310,0.0,Undefined
5311,0.0,Undefined
5312,0.0,Undefined
5313,0.0,Undefined
5314,0.0,Undefined
5315,0.0,Undefined
5316,0.0,Undefined
5317,0.0,Undefined
5318,0.0,Undefined
5319,0.0,Undefined
5320,0.0,Undefined
5321,0.0,Undefined
5322,0.0,Undefined
5323,0.0,Undefined
5324,0.0,Undefined
5325,0.0,Undefined
5326,0.0,Undefined
5327,0.0,Undefined
5328,0.0,Undefined
5329,0.0,Undefined
5330,0.0,Undefined
5331,0.0,Undefined
5332,0.0,Undefined
5333,0.0,Undefined
5334,0.0,Undefined
5335,0.0,Undefined
5336,0.0,Undefined
5337,0.0,Undefined
5338,0.0,Undefined
5339,0.0,Undefined
5340,0.0,Undefined
5341,0.0,Undefined
5342,0.0,Undefined
5343,0.0,Undefined
5344,0.0,Undefined
5345,0.0,Undefined
5346,0.0,Undefined
5347,0.0,Undefined
5348,0.0,Undefined
5349,0.0,Undefined
5350,0.0,Undefined
5351,0.0,Undefined
5352,0.0,Undefined
5353,0.0,Undefined
5354,0.0,Undefined
5355,0.0,Undefined
5356,0.0,Undefined
5357,0.0,Undefined
5358,0.0,Undefined
5359,0.0,Undefined
5360,0.0,Undefined
5361,0.0,Undefined
5362,0.0,Undefined
5363,0.0,Undefined
5364,0.0,Undefined
5365,0.0,Undefined
5366,0.0,Undefined
5367,0.0,Undefined
5368,0.0,Undefined
5369,0.0,Undefined
5370,0.0,Undefined
5371,0.0,Undefined
5372,0.0,Undefined
5373,0.0,Undefined
5374,0.0,Undefined
5375,0.0,Undefined
5376,0.0,Undefined
5377,0.0,Undefined
5378,0.0,Undefined
5379,0.0,Undefined
5380,0.0,Undefined
5381,0.0,Undefined
5382,0.0,Undefined
5383,0.0,Undefined
5384,0.0,Undefined
5385,0.0,Undefined
5386,0.0,Undefined
5387,0.0,Undefined
5388,0.0,Undefined
5389,0.0,Undefined
5390,0.0,Undefined
5391,0.0,Undefined
5392,0.0,Undefined
5393,0.0,Undefined
5394,0.0,Undefined
5395,0.0,Undefined
5396,0.0,Undefined
5397,0.0,Undefined
5398,0.0,Undefined
5399,0.0,Undefined
5400,0.0,Undefined
5401,0.0,Undefined
5402,0.0,Undefined
5403,0.0,Undefined
5404,0.0,Undefined
5405,0.0,Undefined
5406,0.0,Undefined
5407,0.0,Undefined
5408,0.0,Undefined
5409,0.0,Undefined
5410,0.0,Undefined
5411,0.0,Undefined
5412,0.0,Undefined
5413,0.0,Undefined
5414,0.0,Undefined
5415,0.0,Undefined
5416,0.0,Undefined
5417,0.0,Undefined
5418,0.0,Undefined
5419,0.0,Undefined
5420,0.0,Undefined
5421,0.0,Undefined
5422,0.0,Undefined
5423,0.0,Undefined
5424,0.0,Undefined
5425,0.0,Undefined
5426,0.0,Undefined
5427,0.0,Undefined
5428,0.0,Undefined
5429,0.0,Undefined
5430,0.0,Undefined
5431,0.0,Undefined
5432,0.0,Undefined
5433,0.0,Undefined
5434,0.0,Undefined
5435,0.0,Undefined
5436,0.0,Undefined
5437,0.0,Undefined
5438,0.0,Undefined
5439,0.0,Undefined
5440,0.0,Undefined
5441,0.0,Undefined
5442,0.0,Undefined
5443,0.0,Undefined
5444,0.0,Undefined
5445,0.0,Undefined
5446,0.0,Undefined
5447,0.0,Undefined
5448,0.0,Undefined
5449,0.0,Undefined
5450,0.0,Undefined
5451,0.0,Undefined
5452,0.0,Undefined
5453,0.0,Undefined
5454,0.0,Undefined
5455,6.62607e-34,Singularity Shield
5458,2.880914072314352125134706915159187304724087532356828551408891564757304192667104629731674488330761504780650998393608775591323385750058864703510255304130006240228800236021677334758552140417978250014767103138838382092305539566671569483017770857940173611E-267,UFP30_Quantum_Resonance
